name,Group,PC1,PC2,PC3,PC4,PC5,PC6,PC7,PC8,PC9,PC10,PC11,PC12,PC13,PC14,PC15,PC16,PC17,PC18,PC19,PC20,PC21,PC22,PC23,PC24,PC25,PC26,PC27,PC28,PC29,PC30,PC31,PC32,PC33,PC34,PC35,PC36,PC37,PC38,PC39,PC40,PC41,PC42,PC43,PC44,PC45,PC46,PC47,PC48,PC49,PC50,PC51,PC52,PC53,PC54,PC55,PC56,PC57,PC58,PC59,PC60,PC61,PC62,PC63,PC64,PC65,PC66,PC67,PC68,PC69,PC70,PC71,PC72,PC73,PC74,PC75,PC76,PC77,PC78,PC79,PC80,PC81,PC82,PC83,PC84,PC85,PC86,PC87,PC88,PC89,PC90,PC91,PC92
2,plasma_d14_12gy,6.1463,3.8139,-2.1413,-1.3849,1.422,-0.016449,1.9524,0.42891,-0.95021,0.84893,1.3744,0.037426,-0.36712,-0.03826,0.52259,0.65815,0.16774,-0.37333,-0.23046,0.27789,-0.88498,-0.69144,0.090947,-0.13755,-0.68303,0.8588,0.30092,0.96654,0.19004,1.1006,-0.44527,0.99455,-0.28384,-0.84634,-0.042114,0.14946,0.062283,0.47987,-0.082431,-0.30618,-0.35633,0.17168,0.084543,-0.11893,0.28989,-0.79236,0.081916,0.1373,-0.058658,-0.14434,0.40455,-0.085301,-0.57418,-0.51572,0.30312,-0.035192,0.11399,-0.045125,0.0060288,-0.27645,0.091965,-0.2519,0.12284,0.37367,-0.33284,-0.31743,-0.086733,-0.087477,-0.12644,-0.02077,-0.056703,0.19469,0.021186,-0.033854,-0.20544,0.18354,0.095416,-0.022643,-0.30666,-0.083824,-0.11622,-0.20817,-0.21186,-0.0027721,0.043235,-0.12007,0.055227,0.10934,-0.13675,0.12532,0.04351,1.73E-15
3,plasma_d14_12gy,-4.3393,3.1781,1.2787,1.9187,-1.7968,-2.6122,-1.0345,-1.2424,0.11323,0.90477,0.11471,-1.1213,0.39518,0.76893,-1.252,0.015411,1.3077,0.070361,-0.035848,0.29835,0.097148,-0.5664,-0.2078,0.38843,-0.0056921,0.58354,-0.35046,-0.71738,0.37685,-0.33641,-0.42021,0.59847,-0.16852,-0.22213,-0.22934,-0.37023,0.20696,0.49026,0.17212,-0.2022,-0.056477,0.32768,-0.73753,0.36013,-0.38358,-0.37233,-0.27252,-0.41416,0.087406,-0.24567,0.22293,-0.17213,-0.14516,-0.069077,-0.29827,0.038595,-0.0039881,-0.29194,-0.53741,0.24243,0.40896,0.20949,0.20797,-0.46527,-0.33372,0.20905,-0.29546,0.3477,0.067074,0.010696,-0.21074,0.14225,0.16563,-0.26872,0.16948,-0.17608,-0.28878,0.11452,-0.23818,-0.069603,0.321,0.0089163,0.0018093,-0.10625,-0.031512,0.1202,-0.15986,-0.18464,-0.031293,0.079946,-0.048078,-7.20E-17
4,plasma_d14_12gy,13.888,2.5958,-2.1381,-0.96385,-0.10374,1.2742,0.42101,0.51424,-0.35121,0.90217,1.0476,-0.28731,-0.56382,0.046117,0.36395,-0.30776,0.54602,-0.023334,-1.1362,0.90831,-0.19923,0.064361,-0.51977,-0.068917,-0.053957,0.062186,0.35457,0.10408,0.49936,0.33184,-0.097568,0.2345,-0.46885,-0.58729,0.036754,0.40864,-0.63576,-0.047878,0.097441,-0.16225,0.20088,-0.70866,-0.054986,0.033748,-0.31559,0.41484,-0.47147,-0.63313,0.26198,0.042347,-0.19214,-0.13486,0.058001,0.39008,-0.077689,0.31324,0.052345,-0.3506,-0.040077,0.020908,-0.22874,-0.28808,0.17778,-0.082655,0.02158,0.34532,-0.58358,-0.0047544,-0.19309,0.24869,0.46677,0.25226,-0.063414,0.13978,-0.039247,-0.079934,0.030942,0.095027,0.44727,-0.086245,-0.00071008,-0.10983,0.37193,0.098629,0.037195,0.11456,0.1032,-0.039933,0.093403,-0.23375,-0.13888,2.66E-15
12,plasma_d14_12gy,-8.1598,1.9958,-0.38378,-0.95611,-3.1191,1.8353,-0.88119,-2.4884,0.51914,2.5299,-0.22422,1.3748,-0.84788,-0.27473,1.8472,-0.34129,-1.083,-0.19449,-0.60568,-0.16886,-0.42557,-0.056901,0.41139,0.020454,-1.1333,-0.35397,0.072044,0.41466,-0.225,0.31803,-0.4508,-0.53313,0.66262,0.036519,-0.4033,-0.032608,0.59888,0.14191,0.53683,-0.65235,0.33495,0.36141,-0.24159,0.194,0.5074,0.49206,0.046319,0.22501,0.0474,-0.45323,0.2456,-0.11594,0.2018,0.47406,0.26062,0.25117,0.29824,0.065371,-0.14903,0.16668,-0.2455,0.23717,-0.24235,-0.17113,-0.034979,-0.15529,-0.11436,-0.047491,-0.16902,0.17427,-0.010124,0.042826,-0.16036,-0.26049,0.10319,-0.28304,-0.19778,0.085365,-0.12992,0.10279,-0.077982,-0.1028,-0.079804,0.015593,0.036704,0.14117,0.19342,-0.037868,0.030383,-0.024102,-0.01127,-3.06E-15
14,plasma_d14_sham,11.904,1.0926,0.007533,-2.6832,-0.57538,-0.37668,-0.74542,-2.2246,-1.3073,1.2993,-0.21956,0.13033,-0.28623,0.78483,1.1012,0.31589,-0.18339,0.64992,-0.11776,0.53839,0.25059,-0.11069,-0.24105,-0.74405,-0.11916,0.47835,0.86878,-0.070639,-0.24201,-0.59185,0.53327,0.20918,0.21262,-0.17294,-0.055133,0.0076041,0.15378,-0.27818,0.45878,0.15346,0.27479,0.60808,0.093155,-0.20717,-0.061308,-0.01957,0.082166,0.052115,0.033552,0.0015643,-0.78378,-0.021113,-0.25862,0.10925,0.35666,-0.04384,-0.21523,0.020893,-0.0060247,-0.18231,0.16225,0.30836,-0.055803,-0.27577,-0.32443,0.31481,-0.051535,-0.12501,0.023342,-0.14009,0.20082,0.068058,0.33708,0.21768,0.16431,0.096913,0.11156,-0.31013,0.21985,0.32814,0.23964,0.34819,-0.13658,0.031034,0.21268,-0.14566,-0.2292,0.23416,-0.067929,0.19386,0.18785,4.49E-16
20,plasma_d14_12gy,-8.2757,2.7753,-0.72337,1.8779,0.69415,0.023894,0.91381,-0.2306,-0.24916,1.0352,0.47111,0.27193,0.087088,-0.43724,0.58168,-0.31485,-0.92891,0.59975,-0.35185,0.57544,0.422,0.54563,-0.54756,-0.82544,-0.24318,-0.16459,0.34486,-0.27308,0.26538,-0.12972,-0.32531,0.46959,-0.12119,0.38608,0.58733,-0.27759,0.43671,-0.030123,-0.13551,0.84266,0.37322,0.72994,-0.016524,0.46951,0.27155,0.26046,-0.07603,-0.088771,-0.25219,0.20158,0.25748,0.063947,-0.45854,0.18082,-0.2304,-0.069395,-0.15692,-0.52832,0.48452,-0.02557,-0.14021,-0.028681,0.42163,0.35105,0.052123,0.57545,0.40585,0.030651,0.048242,0.18713,-0.074005,-0.35942,0.16034,-0.10122,-0.062245,-0.12597,0.18574,0.39254,-0.049735,-0.35423,0.14779,-0.036725,-0.063997,0.069586,-0.018066,0.0339,-0.015526,0.29094,-0.0036493,-0.011626,-0.13952,-1.39E-15
26,plasma_d14_12gy,8.7902,0.59602,0.20389,0.64001,0.51649,1.0444,-1.6018,-0.051866,-0.53548,-0.38456,0.76206,-0.85931,-0.4773,1.1642,0.20067,0.27451,-0.4422,1.7078,-0.85233,-0.74372,1.6119,-0.36597,0.0043778,-1.0076,-0.45785,-0.73901,-0.56937,-0.42875,-0.22355,-0.088135,-0.085738,0.18062,-0.41673,0.17641,-0.179,0.35781,-0.11765,-0.14218,-0.95369,-0.38527,-0.59118,0.091607,-0.12329,-0.2477,-0.040905,0.29046,0.40476,-0.26986,0.035643,0.12663,0.23465,-0.014239,-0.075921,-0.060307,-0.21289,-0.22845,0.13975,0.015108,-0.067401,0.18021,-0.043864,-0.088071,0.17732,-0.42531,-0.1979,-0.16302,0.40999,-0.043026,-0.27402,0.017751,0.045725,0.12471,-0.16793,-0.25146,0.17438,0.14508,-0.35828,-0.090038,0.03673,-0.13879,-0.066181,-0.11096,-0.18186,0.10266,0.026896,-0.213,0.16389,0.15022,-0.049852,-0.2467,0.21219,2.05E-15
29,plasma_d14_12gy,-0.25714,1.6557,2.1861,0.90899,0.58029,-1.018,0.15656,-0.41376,0.78639,0.34823,-1.5954,0.017392,-1.199,0.30125,0.47492,-0.45877,-0.68474,0.33609,0.20563,0.57691,0.81717,0.90628,-0.1291,-0.16521,-0.44232,-0.030196,0.39883,-0.14617,-0.59242,-0.0085437,0.4112,0.60223,-0.17387,0.14886,0.16628,0.36609,-0.36045,0.053678,-0.19792,-0.33028,-0.05555,0.59173,0.14868,-0.46289,0.37028,-0.5022,0.060588,0.38048,0.19681,0.032739,-0.62212,-0.21098,0.21029,-0.36901,-0.30732,0.14367,0.10246,0.1542,-0.12143,0.047014,0.16311,-0.41529,0.21423,0.27539,0.072757,-0.30583,0.088724,0.34047,0.24865,0.24108,0.019982,0.24552,-0.16541,0.092233,0.16504,-0.14999,-0.15228,-0.13858,-0.1579,0.15613,-0.12311,-0.00449,0.31145,0.16723,-0.038996,0.19729,-0.18874,0.016934,-0.19305,-0.11667,-0.43269,-2.43E-16
34,plasma_d14_12gy,-3.6121,1.9918,1.6018,0.16974,-1.3064,-2.3139,-1.1146,-1.7791,0.37646,0.67363,-0.26547,-0.2193,0.5353,0.20732,0.042485,0.44411,1.0861,0.70878,-0.76361,-0.49914,0.38428,0.62346,0.11227,-0.10867,0.17296,0.63295,0.15376,0.012004,-0.10409,0.10128,-0.60376,-0.11663,0.093115,-0.38709,0.44561,0.18807,0.18107,-0.14256,0.54168,0.1856,-0.24111,0.14612,0.48578,-0.54689,-0.59221,0.155,-0.093421,-0.30044,0.03018,-0.29113,0.47014,-0.32015,0.24313,0.21289,-0.096892,0.38795,0.048853,0.23061,0.46732,-0.27928,0.41899,0.25846,-0.039663,0.37889,-0.01723,0.042513,-0.017802,-0.1049,-0.21477,-0.49634,0.030534,-0.2979,-0.21604,-0.097398,-0.1841,-0.14241,0.11043,-0.28477,0.13478,-0.055298,-0.32984,0.021978,0.063765,-0.10003,-0.4483,-0.21883,-0.036331,0.022344,-0.18662,-0.16701,-0.094113,-9.66E-16
37,plasma_d14_12gy,-0.062471,2.4562,0.46343,2.2665,0.065563,0.37677,-0.19888,0.47896,0.76175,-0.37674,-1.4357,0.11261,-0.66825,0.83571,-0.69401,0.26442,-0.21026,0.24244,-0.21023,0.89255,0.30518,-0.50145,-0.21727,-0.0029906,-0.34331,-0.033699,0.5407,-0.66753,0.03407,0.31225,1.0367,-0.27259,-0.60877,-0.25461,-0.51483,0.51282,-0.12194,0.12188,0.18743,0.28123,-0.091769,0.1727,0.17845,-0.16283,0.34255,0.00037855,-0.33605,0.40758,-0.24274,-0.20475,-0.22975,0.31028,-0.055266,-0.2142,0.47126,0.053312,0.22735,0.03892,-0.079988,-0.34956,0.00047848,0.058207,-0.43708,-0.071575,0.19069,0.26822,0.08033,0.29588,-0.12544,0.14193,-0.089271,0.1136,0.031572,-0.064661,0.23866,-0.1624,0.23765,-0.15835,0.10406,-0.51098,0.014092,-0.20756,0.0013223,-0.35611,-0.36458,-0.15715,0.29101,-0.13537,0.20715,0.20024,0.095581,1.59E-16
38,plasma_d14_sham,-6.1754,4.0407,1.5428,1.1436,-1.9262,-2.9103,1.5075,-0.82871,0.96197,1.1473,0.24469,-0.062538,1.4508,0.10518,-0.35118,0.99807,1.1575,0.17624,-0.31985,0.23036,0.50307,0.096675,-0.28064,-0.11954,-0.14871,-0.47939,0.59209,-0.13353,0.35778,-0.03071,0.48614,0.029026,-0.50653,0.13214,0.4385,0.14419,-0.1332,-0.41435,-0.021888,0.44374,-0.28994,0.17002,0.28305,0.20568,-0.38791,0.23529,-0.058065,0.45162,-0.025072,-0.24789,0.16909,-0.14201,-0.034107,0.077371,0.098095,-0.12706,-0.11915,-0.11792,0.38228,0.17462,0.2836,-0.23946,-0.32757,-0.17573,0.039668,-0.46863,0.3095,-0.37707,-0.028533,0.15742,0.37187,0.17079,-0.16611,0.39001,-0.066073,0.16558,0.033289,0.14514,-0.21936,0.28564,0.060453,-0.16671,0.043585,0.0092713,0.27314,0.34767,0.24778,-0.14294,0.15131,0.054342,0.14551,-1.19E-15
42,plasma_d14_12gy,3.7079,2.751,-1.6486,-3.6302,1.0857,-2.2732,0.89407,-0.32612,-1.111,-1.3415,-0.84676,-0.20514,1.2938,0.8015,1.6003,2.3299,-0.27477,1.2962,0.75729,-0.94628,0.2592,-1.0131,-0.29667,0.31213,0.97268,-0.26215,-0.28262,-0.34394,0.31089,0.38144,0.19026,-0.23313,0.63936,0.29192,-0.66124,0.077076,0.089166,0.63453,-0.64166,-0.080314,-0.0024365,-0.03533,-0.28485,0.39422,0.29174,0.042935,0.13029,0.18814,0.055891,-0.18902,0.17161,-0.14665,0.22258,0.39912,0.12367,0.2977,0.12864,-0.35008,0.19558,-0.0073297,0.00078188,-0.00015784,0.13213,0.19532,-0.0069375,-0.0047869,-0.058007,0.14388,0.42623,0.18582,0.15501,-0.033132,-0.092492,-0.12697,-0.065981,0.033848,0.16017,-0.073379,0.1353,0.17487,0.05249,-0.13611,0.066712,-0.2311,-0.055695,0.0013303,-0.045341,0.015754,0.084198,0.039997,-0.21301,9.74E-16
44,plasma_d14_sham,4.536,1.1897,1.739,1.5542,-0.76131,0.88333,-1.3178,1.1014,-0.30342,-1.5141,-1.0039,0.78903,1.0539,0.44836,-0.56046,0.34258,-0.52875,0.83592,0.28636,0.22823,-0.72199,0.56059,-0.20325,0.89155,0.22318,-0.34949,0.78503,-0.561,0.17823,-0.11053,-0.2675,-0.26779,0.082097,-0.1173,-0.028362,0.2167,0.14198,0.11794,0.274,-0.084549,-0.22403,0.34106,-0.14786,0.049049,0.076852,0.32697,-0.23924,0.40317,0.029511,-0.21075,0.0098159,0.20088,-0.12555,0.042878,-0.51204,0.046955,-0.23061,0.10288,-0.18815,0.0098362,-0.21208,-0.13524,-0.036805,-0.29918,-0.18573,0.13856,-0.4374,0.31383,-0.42237,-0.15564,-0.42426,-0.038556,-0.27784,0.19239,-0.51249,0.24721,0.15486,-0.043139,0.060873,-0.031968,-0.17612,-0.2322,-0.1454,-0.016785,0.41526,0.1112,0.055132,0.30192,-0.28168,-0.00091119,-0.026905,2.24E-15
47,plasma_d14_12gy,2.4962,2.4219,0.03617,1.0651,0.71496,0.63358,-0.70066,-0.076035,1.8435,-0.52139,-1.1293,-0.34278,-1.5338,0.13062,0.34851,0.21887,-0.26201,0.83807,-0.13108,0.19231,-0.60762,0.64568,0.27266,0.89608,0.15353,0.014624,-0.25748,0.11273,0.61982,0.68126,-0.16324,-0.28887,0.19095,-0.79016,0.42052,0.61266,0.18637,0.28074,-0.32611,-0.052561,-0.22689,-0.49327,0.29142,-0.55643,-0.75457,0.11946,-0.22658,0.44038,0.080377,0.29971,0.16148,-0.083076,-0.014904,0.23894,0.088008,-0.3186,-0.69213,-0.33619,0.31345,-0.24916,-0.34559,0.6571,0.34161,-0.14321,-0.056481,-0.30394,0.13998,0.27211,0.16531,0.3246,-0.098301,-0.08999,0.24109,-0.12926,-0.045995,-0.074709,-0.095622,-0.037655,-0.19455,0.085745,0.1169,0.25544,0.043065,0.25649,-0.0068361,0.048345,0.041928,-0.01302,0.10087,0.12816,0.080638,2.31E-16
49,plasma_d14_sham,4.2416,2.0142,-1.042,0.36561,1.4863,0.70481,-2.6325,-0.63198,-0.1857,-0.89712,0.52323,-0.89297,-0.47736,0.76986,-0.18543,-0.14558,0.86059,0.67178,0.12483,-0.8253,-0.39945,-0.74038,0.27078,0.45266,-0.70363,-0.43634,0.81567,-0.051491,0.57581,0.24031,-0.44839,0.23846,0.25106,-0.064714,-0.32805,-0.38811,-0.4768,-0.097061,0.47959,0.23139,0.39973,-0.52048,-0.0056702,0.49765,-0.048598,0.070661,-0.090088,0.019356,-0.019986,0.55557,-0.14982,0.5456,0.051658,-0.12064,0.33468,0.01151,0.24188,0.19135,0.098647,-0.02486,0.21693,-0.16813,-0.67093,0.14584,-0.23965,0.34264,0.50293,0.059491,0.017823,0.093658,-0.15973,-0.12108,-0.025716,0.01468,-0.077513,0.10611,-0.25063,0.11434,-0.30962,0.15018,-0.22004,0.41242,0.2232,-0.035366,-0.065924,0.16988,0.089301,0.17974,-0.030724,-0.068382,-0.15998,1.16E-15
51,plasma_d14_12gy,-13.365,4.28,-2.3916,1.9573,2.062,-0.40565,2.1587,0.41291,-0.14554,-0.36769,-0.026026,-0.166,0.24256,0.13864,-0.23907,-0.11578,-0.67645,0.5832,0.32012,0.3914,0.17237,-0.098758,-0.1479,-0.54545,-0.33867,-0.13017,0.19641,-0.36532,0.19213,0.16886,0.13711,-0.27356,0.01828,-0.084444,-0.53833,-0.31576,0.38843,0.35149,-0.10162,-0.041359,0.0026566,-0.44125,-0.11683,-0.36468,-0.1304,0.21907,-0.059168,0.70252,-0.36413,-0.026359,-0.054763,0.16772,-0.20807,0.22618,-0.27036,0.24973,0.32636,0.059191,-0.28989,0.28192,-0.16661,0.073711,-0.18144,0.082474,-0.40451,0.024391,-0.29679,-0.017529,0.36294,-0.67853,0.15711,0.13524,0.22791,0.36333,0.069554,-0.070086,0.15403,0.17323,-0.093387,-0.021032,-0.16148,0.25114,-0.016731,0.38516,-0.064238,-0.1507,-0.064299,-0.22589,-0.039165,-0.31379,0.13527,-4.22E-15
52,plasma_d14_12gy,-3.75,0.67659,1.2068,-1.0682,0.71587,-1.8292,-0.078861,0.44982,0.46831,-0.39996,-0.98735,0.54023,-1.4244,-0.33458,-0.039126,0.79533,-0.075467,0.055505,1.4143,0.70047,0.25737,-0.24324,-0.11781,0.37422,-0.33891,0.027605,0.25649,0.40081,0.36651,0.35447,-0.071147,0.97071,-0.48077,0.37705,0.14994,-0.11388,-0.024138,-0.074619,0.18634,-0.70394,-0.059203,-0.22181,-0.031354,0.28958,-0.24775,-0.28131,0.033585,0.44822,0.28625,0.28599,0.15488,-0.39759,-0.055669,0.2125,0.019676,0.10601,0.13137,0.40915,-0.50285,0.54784,0.086818,0.061611,0.15285,-0.12942,0.12453,0.097673,0.15853,-0.57508,0.043444,0.061739,0.10709,-0.5567,-0.16205,-0.01482,-0.23945,-0.086363,-0.11014,-0.11596,0.49061,-0.38036,-0.025572,0.2054,-0.12967,-0.010635,-0.0088245,0.18452,-0.013747,0.09257,0.07986,0.046815,0.12099,-1.15E-15
55,plasma_d14_sham,14.807,1.0953,1.0828,-3.5696,-1.7979,-2.3257,-1.48,0.13696,-1.7967,-0.83133,-0.93569,-0.47903,1.4726,0.50032,-0.1239,0.30657,-0.79887,-0.22144,0.94362,0.89139,-0.41058,1.0537,0.34346,0.20361,0.79306,0.26881,0.27318,-0.20489,0.48924,0.071282,0.019682,-0.1319,-0.42027,-0.12529,0.3086,-0.57046,-0.21757,-0.23767,0.62978,-0.083102,0.53056,0.081005,0.30901,0.20105,0.49876,0.2953,-0.013981,-0.22329,-0.24153,0.272,0.044474,-0.21746,-0.01159,0.076866,-0.0070649,-0.52342,0.16822,0.18449,0.16448,0.067166,-0.19129,-0.28421,0.00088672,-0.078096,-0.0044545,-0.27268,-0.020388,-0.068479,0.15981,-0.0065175,0.039395,0.23658,0.2074,-0.28337,0.094192,-0.19667,-0.23656,0.2251,-0.16809,-0.14118,-0.19901,-0.12957,-0.1341,0.36605,-0.312,-0.074133,0.070197,-0.071749,-0.0077813,-0.016275,0.13165,3.60E-15
57,plasma_d14_12gy,6.9001,0.95583,0.36476,0.90012,-0.057605,1.6673,-2.1061,0.37232,-0.67805,-0.71719,0.73887,-0.59681,-0.055549,0.93461,-0.999,-0.37938,-0.086408,0.48747,-0.56303,0.29603,0.32481,0.38669,0.32215,-0.4891,-0.51821,-0.34167,0.55258,-0.11147,0.41958,0.48077,-0.25657,-0.144,-0.47547,0.53334,0.036048,-0.076282,0.34532,-0.87849,0.32778,-0.84505,-0.44519,0.036761,-0.62656,0.12706,0.24442,-0.069857,0.30485,-0.034165,-0.016513,0.089399,0.47984,-0.15786,0.046193,-0.2694,-0.15781,-0.12382,0.23836,0.12403,0.10647,0.051616,-0.46072,0.099,0.31763,0.21368,0.45172,0.16689,-0.24165,-0.060383,0.23364,-0.055055,0.13944,-0.22392,-0.08478,0.12648,-0.13504,-0.098509,0.47633,-0.095647,-0.27087,0.43388,0.098057,0.073121,0.074332,-0.13814,-0.04821,-0.078126,-0.15258,-0.24456,0.16406,0.22707,-0.013705,2.93E-15
59,plasma_d14_12gy,6.552,4.3782,0.19587,0.54619,-0.091531,0.23165,2.3979,1.0848,1.4569,0.15983,1.4276,0.19413,0.26516,-1.1027,-1.068,0.66772,0.57248,0.22371,-0.16134,-0.36308,-0.14607,0.59298,0.95007,-0.86982,-0.38058,-0.43923,0.44458,0.87259,0.10342,-0.29996,0.023291,-0.46346,-0.25307,0.076105,-0.01034,-0.54668,0.46992,0.45614,-0.36215,-0.42786,0.45163,0.33312,0.059562,0.70543,-0.72215,0.24247,-0.062891,0.19314,0.20159,-0.27265,-0.42526,-0.41317,0.46741,0.17489,-0.13538,-0.28542,-0.31379,0.30972,-0.37858,-0.04173,-0.21089,-0.036239,-0.21827,0.12866,0.11134,0.14411,0.23839,0.35008,0.1477,0.15781,-0.07361,0.16339,0.14042,-0.22937,0.043009,0.30765,-0.017801,-0.058244,0.13689,-0.028576,-0.26949,-0.12757,0.10099,-0.067056,-0.13455,-0.15684,-0.23808,0.043864,-0.024845,0.11794,0.046343,4.74E-16
68,plasma_d14_sham,-4.3587,3.7733,0.80972,0.71342,-2.5807,-0.88197,-0.77385,-0.40332,0.59903,0.052585,0.85292,-0.88826,1.1085,-0.39241,-0.4747,0.22324,-0.035422,0.10902,0.045901,-0.65639,0.31245,0.71789,0.43726,-0.57661,-0.17718,0.12495,-0.11501,0.39047,0.42991,0.28819,-0.55141,-0.14894,0.077659,0.031524,-0.058617,-0.26461,-0.16314,-0.3754,0.15185,0.44535,-0.30427,-0.84182,0.18031,0.3864,0.35997,-0.61887,0.18027,0.40145,-0.12072,0.35285,-0.46405,0.24885,0.17146,-0.3523,0.45131,-0.076046,0.0018812,-0.38523,-0.11473,-0.29196,-0.24142,0.29544,0.20341,-0.32656,0.13722,-0.34275,-0.1225,0.07437,-0.037117,-0.053254,0.054698,0.070764,-0.11939,-0.012374,0.33723,-0.2542,0.13782,0.076949,0.40216,-0.16388,-0.16214,0.11448,-0.39329,-0.1409,0.29666,-0.039177,-0.05724,0.010935,-0.094981,-0.077318,-0.27614,-2.25E-15
73,plasma_d14_sham,-4.3959,0.64994,1.0804,-2.0718,-0.53382,-0.11548,-0.84061,0.1722,0.20483,-0.048754,-0.33748,1.1911,-0.95773,0.20977,1.1618,0.14988,-0.65422,0.78954,0.90262,-1.605,1.4084,-0.40035,-0.38998,-0.55289,0.41017,0.012911,-0.60872,0.39093,-0.62354,-0.14101,-0.045644,0.38999,-0.60081,-0.41241,0.33466,-0.74732,-0.67641,-0.037686,-0.14674,0.083469,0.12384,-0.22478,0.24424,0.044733,-0.20501,-0.1696,-0.13804,-0.45982,0.058824,-0.17487,0.026718,-0.076176,0.21793,-0.07653,-0.090594,0.013922,-0.3632,-0.039659,-0.31223,-0.23822,-0.19988,0.017028,-0.083505,0.050222,0.13895,0.38438,-0.26135,0.10308,-0.27674,-0.12209,-0.043382,0.0050339,0.24233,0.20458,-0.030276,-0.1243,0.2486,0.17974,-0.32447,-0.068546,-0.38744,0.038094,0.04892,0.071448,0.15623,0.18518,0.17411,-0.26403,-0.059355,0.28696,0.083484,-1.74E-15
75,plasma_d14_sham,-1.5893,2.7083,-0.68367,0.73097,-1.0013,1.0886,-0.93717,0.56116,0.76207,-1.0322,-0.41161,0.33066,-0.25962,-0.58029,-0.34759,0.18998,-0.40956,0.9236,0.43685,-1.1028,-0.19414,0.2568,-0.39479,0.2916,0.99587,0.20141,-0.20704,0.72684,-0.33094,0.23477,-0.22881,-0.3453,0.27585,0.02119,0.42121,-0.1563,-0.20123,-0.38395,0.76044,-0.20589,-0.40754,-0.076879,-0.037001,0.062544,-0.070325,-0.11266,-0.12743,0.56586,0.53274,-0.32687,-0.1275,-0.15694,-0.23795,-0.18192,0.36271,0.099725,0.34465,-0.012179,0.10023,0.21971,0.41997,-0.15975,-0.034897,0.16064,0.13944,0.31233,0.0111,-0.26404,-0.23476,0.4247,-0.11647,0.19652,0.064134,-0.098598,0.28355,0.071308,0.17451,0.207,-0.14904,-0.095092,0.45818,-0.13164,0.2685,0.10332,0.11401,-0.3172,-0.22376,-0.0075276,-0.081469,-0.28096,0.18747,-3.42E-16
79,plasma_d14_12gy,-9.0568,1.8225,-1.2627,-1.2537,0.88216,0.035545,-0.72606,0.27218,-0.23072,-1.0434,-0.022654,0.9045,-1.0734,-0.75281,-0.076426,0.26686,0.41112,-0.30244,0.66336,0.66708,0.21948,0.18432,0.19113,0.38317,0.20313,0.026321,0.069247,-0.042603,0.37478,0.4099,-0.4483,0.14108,-0.0006345,0.1387,0.52293,-0.31809,0.16708,0.16504,0.073167,-0.066489,0.25226,-0.093718,-0.31174,-0.26638,-0.19097,-0.081909,0.28296,-0.32901,-0.31985,0.27599,-0.36755,-0.23026,0.3155,0.001784,-0.10344,-0.096211,-0.13318,-0.06612,0.18433,0.56727,-0.14676,0.19775,-0.34184,-0.036754,0.36075,0.13879,0.065357,0.18138,-0.2241,-0.36822,0.48913,0.10059,0.26626,0.11344,0.22946,0.25043,-0.11573,-0.35887,-0.27266,0.057049,0.35872,-0.32855,-0.19812,-0.16563,0.066541,-0.20754,0.37738,0.1188,-0.1329,-0.081422,-0.24755,-3.97E-15
81,plasma_d14_sham,6.6176,3.3363,-0.62758,1.4139,0.007315,1.6474,-1.046,0.02513,1.2696,-1.3661,-0.47089,-0.43251,-0.81276,-0.74284,-0.84528,-0.16816,-0.0098164,0.26879,-0.74055,-0.97006,-0.52623,0.25285,0.12022,-0.21702,0.16247,0.55708,0.4259,0.73688,-0.22011,-0.14723,0.51144,-0.72167,-0.14718,0.22875,-0.34847,-0.16131,-0.60717,0.74544,-0.32917,0.38967,0.07927,0.45104,-0.14689,0.36159,0.0078956,0.5039,0.50097,-0.31819,-0.072563,-0.010587,0.17029,0.052753,-0.33349,-0.059873,0.29058,-0.059516,0.037764,0.3613,0.080313,0.02605,0.59867,-0.026666,0.35985,0.21542,0.16888,-0.1981,-0.40383,-0.12163,0.3956,-0.48045,0.13554,-0.18322,0.11235,0.073774,0.063232,-0.36736,-0.22259,-0.17428,-0.0096858,-0.15211,0.10669,-0.095469,0.0064252,0.092709,0.25665,0.22743,0.17572,0.1274,0.075036,0.080222,-0.012399,1.54E-15
84,plasma_d14_12gy,-0.13123,3.3705,0.65299,-0.060392,0.7833,-0.73909,0.22856,0.53488,0.80662,-1.0608,-0.91658,-0.0035134,-0.65048,-0.2567,0.079579,0.34821,-0.3783,0.15697,-0.020633,-0.18667,-0.7901,0.53127,0.18426,0.36053,0.020674,0.36155,0.22538,0.23048,-0.28112,-0.21863,0.20889,-0.12591,-0.6072,0.11299,-0.10126,0.37676,0.051656,0.13798,-0.22667,0.10893,0.25991,0.1283,-0.27786,-0.36416,0.046578,0.22274,0.44087,-0.65419,-0.098886,0.27381,-0.18404,0.13269,0.049017,0.088321,-0.27157,0.23587,-0.069488,0.16455,-0.22036,-0.12764,-0.0082408,0.11439,0.080148,0.23835,-0.21521,-0.1474,-0.018688,-0.32307,-0.56303,0.18439,0.01722,0.19781,0.11239,-0.0027098,0.1471,0.16711,0.19997,0.42541,-0.099432,0.2343,-0.011116,0.17655,-0.46821,-0.51391,-0.21718,0.27369,-0.24839,-0.030216,0.22844,-0.27357,0.02751,-2.74E-16
85,plasma_d14_12gy,-2.7595,2.3419,-1.1384,2.1328,0.35951,0.693,0.10082,0.28575,-0.72971,-0.52891,0.16701,0.82174,0.57876,-0.71939,-0.20135,-0.71352,-0.50152,0.37701,0.0086864,0.30412,0.43505,-0.15147,-0.42217,-0.42249,0.45512,0.48597,-0.18243,0.09798,-0.17846,0.097521,0.11432,-0.18244,-0.12388,-0.1205,0.31845,0.043436,-0.17196,0.18196,0.43912,-0.055325,-0.16888,-0.088195,-0.0088544,-0.49606,0.24136,0.4463,0.13681,-0.14981,0.19939,-0.32894,0.055177,0.014855,-0.10092,0.052407,0.26332,-0.34957,0.42279,-0.011923,0.28548,-0.016208,-0.13691,-0.17083,-0.17933,-0.065055,-0.23326,-0.031637,0.17074,-0.0058953,-0.11324,-0.20844,0.010127,-0.060269,0.039414,-0.61275,-0.15873,0.67697,-0.13626,-0.17258,0.23732,-0.098743,0.10675,0.28434,-0.092633,0.11641,0.12596,0.29458,-0.14637,-0.43864,0.066555,0.22002,-0.31084,4.93E-16
88,plasma_d14_sham,-7.2743,3.5024,-0.67856,2.406,1.054,-0.6869,0.99241,0.97422,-0.65299,-0.97286,0.09838,-0.12542,0.32326,-0.45459,0.15569,-0.76644,-0.91988,0.17287,0.47349,0.31848,-0.047201,0.4019,-0.3255,-0.32237,0.42095,-0.24833,-0.45084,0.34181,-0.091987,0.027877,-0.36046,0.24087,-0.11287,0.25314,0.39862,0.28064,-0.094516,-0.16063,-0.21385,-0.19899,0.7082,-0.29428,-0.28788,0.13111,-0.21007,-0.049652,-0.47065,-0.30807,0.043529,-0.27276,-0.1219,-0.048549,-0.52598,-0.46701,0.24795,0.26606,0.17662,0.0038197,0.10212,0.12074,0.35616,0.021757,-0.016744,-0.19176,-0.073396,-0.11909,-0.037327,0.17476,-0.15851,-0.024162,-0.40216,-0.14094,-0.14153,0.0072299,0.16018,-0.16329,-0.12075,0.042832,0.39387,0.77007,-0.1346,-0.088034,-0.02593,0.089631,-0.24281,-0.13968,0.29125,0.15937,0.13551,0.2283,0.051883,-1.56E-15
93,plasma_d14_12gy,-7.0045,2.3535,-0.75066,1.2156,1.9891,-0.49045,-0.45293,-2.0281,-0.85554,-0.74802,-0.48665,0.62711,-0.66064,0.42158,0.87466,-0.25782,-0.31122,0.049889,-0.51357,0.25088,-0.74265,-0.6645,0.55595,0.4409,-0.34454,0.60199,-0.58246,0.30189,0.40847,0.044738,-0.16921,-0.49459,-0.042855,0.338,0.49631,0.70745,-0.39337,-0.092946,-0.54239,0.4003,0.42296,0.40041,-0.21792,0.19747,-0.23301,-0.17797,0.045795,-0.33167,-0.25757,0.08767,-0.14759,-0.04422,0.18162,-0.13808,0.2642,-0.37832,0.27639,-0.0061165,-0.032741,-0.23431,-0.16395,-0.23523,-0.15231,-0.81156,0.39796,-0.10846,0.099264,-0.1384,0.18919,-0.16356,0.13655,-0.11282,-0.11883,0.11615,-0.27078,0.014267,0.10304,0.26756,0.056678,-0.056629,-0.031481,-0.16277,0.23857,-0.084097,-0.061244,-0.05458,-0.33958,-0.14335,-0.39021,-0.00048697,0.13575,-9.71E-16
94,plasma_d14_sham,1.6922,2.1278,-0.014535,2.3175,-1.8507,1.0826,-0.228,0.85786,-1.4139,-1.6338,0.21237,1.0685,1.3812,-0.33522,-0.21715,-0.19205,-0.5931,-0.53866,-0.15859,0.29336,-0.15548,-0.15466,0.66856,-0.76924,0.24665,0.84232,-0.70086,0.24415,-0.18969,-0.26835,0.30227,0.0084258,0.40782,-0.018019,-0.090164,0.17854,-0.55899,-0.18299,0.28692,-0.71591,-0.24306,0.17928,-0.42503,-0.2788,0.088562,-0.28835,-0.44593,-0.043559,0.59787,-0.15528,-0.16052,0.43185,0.22799,0.076955,-0.16014,-0.090512,-0.71266,-0.099576,-0.20835,-0.10587,-0.094277,0.30581,-0.030185,0.09431,-0.4857,0.14507,0.5763,-0.33758,0.43641,-0.086439,0.37323,0.07736,-0.11727,0.088014,-0.23118,-0.25291,0.0036881,0.10118,-0.083852,-0.046569,0.05017,-0.029975,0.077149,-0.18307,-0.1237,0.070312,0.25631,0.10952,-0.052608,-0.063903,-0.034674,-3.44E-16
95,plasma_d14_sham,10.097,3.2816,-2.1362,-1.7745,-0.22454,-0.52877,0.33694,0.88228,-1.2959,-0.27076,0.2594,-0.046538,0.61615,-0.32574,-0.16341,0.055053,-0.14313,-0.54208,-0.032852,0.24282,-0.17106,0.41745,0.089582,0.4464,-0.09844,-0.24001,-0.080838,-0.05625,-0.017642,0.50781,-0.11821,0.14702,0.24531,0.86126,0.0061799,0.077264,-0.15418,-0.2801,-0.28626,0.046338,0.20054,0.26759,-0.2623,-0.21558,0.32337,0.10628,0.062078,-0.042773,-0.60488,-0.46162,0.057668,0.18731,0.10677,-0.060126,0.12834,-0.024324,-0.28879,-0.76636,-0.55348,-0.084197,0.37835,0.50578,-0.13324,0.42849,0.31713,-0.041841,0.36965,0.14047,-0.59813,-0.095156,-0.16216,-0.18749,-0.13105,0.31697,-0.017148,-0.095746,-0.31133,-0.29292,0.0070066,-0.15082,-0.057078,0.09218,0.2123,0.18294,0.11473,0.067665,-0.22632,-0.26817,0.067805,-0.082117,0.12633,2.31E-15
96,plasma_d14_sham,-6.7356,1.1487,0.81637,-1.4339,-0.21105,-0.86137,-0.72979,1.4788,-1.4338,-2.2133,0.40661,0.59237,-0.18594,-0.41953,0.35307,0.10021,-0.1322,-0.94698,-0.70791,0.45911,0.3643,-0.82245,0.86185,-0.091983,-0.34397,0.73543,-0.47536,0.46825,0.23389,-0.35447,-0.10736,-0.54454,0.57265,0.18841,-0.39688,0.10631,-0.26468,-0.38334,0.1163,0.51411,-0.74228,0.65999,0.11895,0.29519,-0.85137,-0.27632,-0.21869,0.28501,-0.56055,0.04592,-0.32395,0.037852,0.13007,0.057226,-0.415,0.38461,0.26567,-0.10707,0.38959,0.18714,-0.15707,-0.39347,0.17474,0.0057868,-0.05728,0.16107,-0.31859,0.079058,-0.2422,0.35195,0.03081,0.015982,-0.12489,-0.11361,0.14805,-0.034319,-0.096882,-0.2446,-0.15716,-0.034282,-0.16791,0.21299,-0.13706,0.22734,-0.045565,0.062363,-0.035617,0.087964,0.25489,0.080836,0.052065,-1.01E-15
97,plasma_d14_12gy,-9.8011,5.5859,-0.99358,-0.94868,-2.1735,-1.805,1.8527,0.71277,1.4476,0.24972,-0.28395,0.16579,0.67189,-0.22065,1.0234,0.47911,1.5456,-0.34718,-0.44764,-0.13268,-0.37589,-0.59849,0.11996,0.82095,-0.06993,-0.67178,0.44223,0.044883,-0.6832,-0.21453,0.34181,0.45117,-0.014049,0.61977,0.29673,0.51756,-0.71833,-0.56633,-0.21315,-0.10706,-0.17727,-0.037208,-0.17601,-0.16513,0.53402,0.35883,-0.51154,-0.63278,-0.16336,0.10692,0.22012,0.33019,0.090032,-0.31496,-0.12768,-0.017732,-0.13613,0.61907,-0.097813,-0.14972,-0.47293,0.076201,0.063167,0.16324,0.15005,0.11368,-0.16772,0.042096,0.3455,0.077842,-0.21435,0.026042,0.051551,-0.30487,0.059334,0.049051,0.003856,-0.10226,0.0023271,-0.03993,0.16272,0.29402,-0.086008,0.19991,0.1643,-0.26809,0.070581,0.061172,-0.094081,-0.047696,0.049028,-2.33E-15
107,plasma_d14_12gy,-5.0438,3.8867,-0.0027416,1.1316,-2.0384,-0.47821,0.73062,0.36033,-0.22479,-0.2528,0.57168,-0.039284,1.4377,0.093354,-0.33614,-0.24444,-0.030445,-0.28309,0.11065,-0.47491,0.5274,0.59748,0.015593,-0.44556,-0.34219,-0.03089,0.39157,-0.10082,0.04596,-0.076379,0.094185,-0.00041241,0.76341,-0.0082108,-0.17666,0.13731,0.20697,0.14416,-0.53697,0.40217,0.15121,-0.62028,0.4903,-0.716,0.51231,-0.59923,0.78591,-0.28684,0.40002,0.25458,-0.23885,0.052021,0.32866,0.1414,0.053324,0.095669,0.3683,0.10514,-0.1629,0.15312,-0.22382,0.096247,-0.025552,-0.16622,-0.021857,0.0056927,-0.43808,-0.12575,-0.26002,0.18074,-0.06942,-0.25319,0.24571,0.018957,-0.34704,0.091322,-0.15423,-0.053731,-0.19299,-0.097275,0.2593,-0.13604,0.37949,0.06748,-0.2875,0.15059,-0.044405,0.2985,0.068588,0.18729,0.17207,-7.25E-16
111,plasma_d14_12gy,4.5647,1.031,1.7166,1.3451,-0.62475,1.6431,-1.6242,0.93221,-0.32267,-0.84691,-0.1274,-0.037691,-0.22454,-1.1619,-0.068532,-0.20273,0.44059,-1.0851,0.23343,-0.48722,0.53479,-0.4059,-0.19161,0.47244,0.010589,-0.78374,0.50326,-0.28686,-0.59612,0.050109,-0.13515,0.063237,-0.17317,-0.60219,0.0067051,0.30688,0.32732,0.54234,-0.20171,0.67218,0.066556,0.12078,0.35775,0.50706,0.39963,-0.31114,-0.033476,0.0060105,-0.32736,-0.59043,-0.01298,-0.77133,0.31015,-0.16303,0.54302,0.047924,-0.15208,0.01153,0.23833,0.27548,-0.51782,-0.16832,0.45811,-0.12904,-0.32915,0.28701,0.24723,-0.25409,0.04565,-0.091332,-0.17615,0.21988,0.082028,0.27365,-0.36772,-0.19859,-0.2165,-0.074393,0.081965,0.18999,0.11513,0.18217,-0.088053,-0.080828,-0.11525,-0.118,-0.00049953,-0.22335,-0.016969,-0.17862,-0.0018968,1.87E-15
113,plasma_d14_12gy,14.655,2.5457,-2.6784,-1.2598,-0.34894,0.18635,-0.09999,0.24772,-0.15612,0.88669,0.076338,-1.4765,-0.92233,0.34253,-0.45803,-0.70932,-0.025758,-0.52101,-0.84613,0.60629,0.50619,0.0088409,-0.20046,0.1223,0.21529,0.16771,-0.8702,0.26619,-0.67355,0.027917,0.46305,-0.70679,-0.36957,0.19961,-0.16832,0.053066,-0.5168,0.26728,-0.05566,0.35498,-0.23802,-0.23103,0.80045,0.26861,0.24494,-0.26253,-0.40863,0.26269,-0.054268,-0.086602,0.17015,-0.17614,0.21857,0.26097,-0.6289,0.34764,0.21109,0.15674,-0.12419,0.38685,0.082558,0.48592,-0.51007,-0.02768,0.02826,-0.014442,0.10155,-0.14062,0.10845,0.14066,-0.19691,-0.40825,-0.0042008,0.12765,-0.077039,0.13983,0.069568,0.30355,-0.065547,0.15076,0.19149,-0.12246,-0.33804,0.084955,-0.01324,-0.08153,-0.034282,0.023636,-0.20984,0.14338,-0.1832,4.36E-15
114,plasma_d14_sham,0.34876,1.517,-1.0496,-0.10927,2.7534,-0.02079,-1.774,-0.88561,-0.50009,-0.69998,0.51929,-0.66713,-0.54523,0.9107,-0.6332,-1.4603,0.70084,-0.26532,-0.098877,-0.5848,-0.066174,-0.00032164,-0.34937,1.2147,-0.6053,-0.93562,0.5054,0.048318,-0.36966,-0.38664,-0.52591,0.13856,1.2322,0.06618,0.34864,-0.3466,0.017132,-0.4682,-0.29213,0.10896,0.28108,0.19899,-0.049249,-0.51725,0.12311,-0.053242,-0.082434,0.20172,0.059768,-0.17772,-0.3673,0.0052655,0.43677,0.12148,-0.08625,0.16481,-0.35787,-0.10864,-0.095547,0.2035,0.44706,-0.16746,0.29718,0.19983,-0.18246,-0.2008,-0.0032771,-0.15475,0.14067,-0.037663,0.27471,0.25005,-0.016445,-0.30706,-0.0031236,0.082166,0.39579,0.22886,0.24472,-0.19838,-0.071342,-0.21822,-0.2236,0.13871,-0.059801,-0.0105,0.11187,-0.14141,0.049558,0.26654,0.07851,1.10E-15
115,plasma_d14_12gy,-3.3682,2.4361,-1.3538,2.9266,1.1516,-0.20383,-0.48797,-0.41399,-0.86019,-0.99319,0.22711,0.1231,0.035658,-0.23711,-0.58687,-1.2109,0.066772,-0.087864,0.16395,0.68881,-0.60163,-0.95974,-1.1955,-0.19266,0.39954,-0.56704,-0.44402,-0.17818,-0.26841,-0.26214,-0.22732,0.10797,-0.36682,0.15688,-0.19395,-0.89168,0.52845,0.29219,-0.11695,-0.24898,0.13046,-0.44214,0.23347,-0.057402,0.46073,0.10114,-0.3417,-0.21096,0.18724,-0.32282,0.11885,-0.21765,0.025101,0.44062,-0.2346,-0.12199,-0.16951,0.04061,0.41287,-0.48437,0.14845,-0.039078,-0.15267,-0.17943,0.4075,-0.33529,-0.14626,-0.32018,0.0062057,0.48114,0.16303,0.18889,-0.018633,0.12495,0.13377,-0.19571,-0.0086795,-0.47252,-0.22196,-0.10911,-0.23659,0.22521,-0.10413,-0.12434,0.061674,0.01591,-0.21529,0.24374,-0.10423,-0.015192,0.054184,-7.00E-16
118,plasma_d14_12gy,9.1375,3.3125,-3.9156,-1.2687,0.2477,-0.44353,0.68896,-0.19902,-0.38217,1.508,-0.022005,-0.56726,-0.28879,-0.82675,-0.077848,-0.55052,-0.46005,-0.15734,0.59953,0.97306,-0.13662,-0.40404,-0.78556,-0.073929,0.60153,-0.087595,0.076362,-0.22026,0.10912,0.084386,-0.14486,0.032606,0.44181,-0.091741,0.1861,-0.054767,0.34782,0.27403,0.068342,0.51172,-0.14473,0.62622,0.12507,-0.027608,-0.28744,-0.57535,0.63438,0.014921,0.7806,0.17847,-0.010011,0.462,0.48802,-0.25711,-0.25083,-0.15061,-0.41286,0.40884,0.27518,0.11269,-0.16224,-0.12591,-0.040601,-0.2485,0.12379,0.029992,-0.093463,0.030825,0.018634,-0.26962,-0.33388,-0.21972,-0.36013,-0.25134,0.22517,-0.10875,0.074901,0.062632,-0.054623,0.043623,-0.18935,0.10872,0.21205,-0.21236,0.21768,-0.069764,0.17221,-0.18918,0.22766,-0.2088,0.1148,9.95E-16
120,plasma_d14_12gy,-7.7592,0.80695,-0.73432,-2.5,-2.6154,2.0151,-2.1468,0.0035971,-0.042732,0.1906,-0.61342,0.73898,-1.4422,-0.73852,0.55549,-0.14266,0.23118,-1.1541,0.08537,-0.024616,0.43844,-0.15018,0.17227,-0.66916,0.59186,-0.22329,0.12376,-0.35834,-0.081431,0.58738,-0.30482,-0.016086,-0.68423,0.17169,0.21897,-0.62182,0.14888,0.015326,0.018531,0.040367,-0.17773,-0.11027,0.46661,0.10757,0.21168,0.30418,-0.19292,-0.074523,-0.35582,0.043403,0.078735,0.49735,0.061317,-0.50343,-0.24166,-0.053164,-0.0014638,-0.19692,-0.025768,0.19049,0.54453,0.15872,0.064587,-0.17679,-0.34966,-0.444,-0.067792,0.52435,0.36915,0.0091552,0.20321,0.091947,-0.086532,-0.077999,-0.41748,0.2851,0.19364,0.056137,0.14384,0.0048251,0.0082061,0.0001627,0.22383,-0.16693,-0.07909,-0.028118,-0.20983,0.20303,0.2159,-0.091028,0.1542,-2.10E-15
122,plasma_d14_sham,9.7677,3.5723,-2.3549,-2.072,-0.65518,-1.1423,1.1992,1.2297,-0.25628,0.57648,0.12105,-1.1838,-0.25491,-0.18534,0.74868,-0.67988,-0.42759,-1.0719,0.45602,-0.54947,0.51482,0.63417,-0.17357,0.16739,0.16995,-1.2299,-0.7362,0.13441,-0.65566,-1.1475,0.17282,-0.14492,0.38485,-0.17356,0.059611,0.43829,0.59403,-0.5218,0.38982,-0.57792,0.04848,-0.2109,-0.32896,-0.10191,-0.94857,0.1525,-0.10737,0.27355,-0.33576,0.15205,0.25089,0.04031,-0.40199,-0.17602,0.35993,-0.11536,0.34065,0.0066412,0.10379,-0.16519,-0.049079,-0.33636,0.034449,-0.13655,0.0040346,-0.13658,0.0037539,0.205,0.050527,-0.22419,0.0091744,0.0069344,0.1227,0.14928,-0.14318,-0.085861,0.075018,-0.068804,-0.15516,-0.31574,0.16794,0.093697,-0.011266,-0.33994,-0.11253,0.27071,0.019147,0.11802,-0.13916,-0.0022111,-0.07445,1.63E-15
124,plasma_d14_12gy,-3.602,2.8002,2.0765,1.7375,-3.603,-1.7758,-1.3035,-2.661,0.3032,1.3746,-0.26365,-1.472,-1.1341,0.28577,-0.57417,-0.37455,0.88036,-0.66669,0.15648,-0.11337,-0.26779,-0.24249,0.32511,0.19155,0.57881,0.49832,-1.48,-0.20219,-0.21739,-0.0088246,0.15037,-0.30584,0.21309,-0.09761,-0.37432,0.055873,-0.20679,0.5309,-0.1253,-0.56329,0.69824,-0.089079,-0.30889,-0.14995,0.323,0.12379,0.38161,0.28212,-0.0070106,0.34838,-0.24303,0.14295,-0.46074,0.08016,-0.032452,-0.20775,-0.13197,-0.16699,0.16339,0.1248,-0.3686,-0.53993,0.16403,0.42723,0.05326,0.26447,0.18244,-0.0098811,-0.11673,0.039937,-0.075629,-0.10955,-0.058875,0.31924,-0.12049,0.32557,0.17597,-0.15175,0.12097,0.013917,-0.21528,-0.093067,-0.016856,0.11968,0.080971,-0.15577,0.026973,0.013586,0.17131,-0.0046964,0.064654,-1.15E-15
127,plasma_d14_sham,2.6515,2.3228,1.3182,-0.0585,-0.85202,0.2854,0.01375,1.7136,0.18648,-1.186,-1.0298,0.4933,-1.1269,1.0425,-0.045221,0.58123,0.38809,-1.2599,-0.14561,-0.70751,-1.7843,-0.15237,0.61655,-0.41356,0.31919,0.15896,0.35238,-0.37068,-0.28945,-1.017,0.23551,0.58429,-0.32449,-0.12986,-0.48231,-0.24759,1.3072,-0.2304,-0.1473,-0.084161,-0.43044,-0.19319,0.24178,-0.31938,0.073981,-0.22516,0.44183,-0.29941,0.019333,-0.053694,0.24221,-0.27349,-0.11319,-0.0163,-0.12302,0.44851,0.10852,-0.32788,0.14477,-0.26333,-0.020177,-0.10489,-0.28729,-0.24324,0.084977,0.10795,0.38322,0.036309,-0.019191,-0.12248,0.18495,-0.244,-0.043026,-0.10858,0.2683,-0.017853,0.016603,0.28814,0.19157,0.063942,-0.046909,-0.057348,0.21129,0.29359,0.22026,-0.072162,0.082285,-0.053115,-0.022923,0.068245,-0.10892,-6.25E-16
129,plasma_d14_12gy,-6.0843,0.85524,0.46576,-0.32454,-0.58346,-0.47196,-1.4405,0.83879,-1.5329,-2.0908,-0.35067,0.71071,-0.55826,-0.083902,0.41117,-0.35062,0.14239,-0.86596,-0.28006,0.7145,1.624,-0.65123,0.085295,-0.24093,-0.98472,-0.00335,0.044848,-0.28662,0.79086,-0.40103,0.65831,0.24015,0.70743,-0.32904,-0.15743,-0.048143,0.084983,-0.02905,0.33777,0.032608,0.27349,-0.18723,0.38769,0.2967,-0.25875,0.19019,0.2112,-0.0098797,0.39928,0.36671,0.66596,0.050422,-0.30862,0.45807,0.098255,-0.24899,-0.29188,0.31016,-0.16125,-0.41099,0.11423,0.11598,0.097686,0.51228,0.14492,-0.36477,-0.10339,0.0088085,-0.073577,0.012632,-0.42667,0.18209,0.12442,0.14536,0.16133,0.1362,-0.11919,0.20543,0.24484,0.14701,0.13897,-0.24831,0.099427,-0.10057,0.15352,-0.14645,-0.08946,-0.1357,-0.11585,-0.060798,-0.053157,-1.77E-15
Sample 006,plasma_d14_13.5gy,-5.9685,-1.2369,0.86481,-3.2803,-0.035701,1.076,-1.5961,0.59796,0.85094,-0.42032,1.7808,-1.401,1.2577,-0.2288,0.0030375,-0.24077,-0.17812,-0.44813,0.58721,0.10698,-0.29427,-0.096958,-0.071228,-0.24307,-0.012472,0.50239,-0.073224,-0.30369,-0.3806,0.32277,-0.1167,0.64268,0.12785,-0.58249,-0.18879,-0.16075,0.05403,0.41128,-0.2679,-0.0071038,-0.13485,0.52154,-0.40017,-0.44779,-0.31567,0.57016,0.27523,0.20355,-0.53487,-0.062456,-0.52865,-0.054658,-0.17194,-0.10816,-0.38177,-0.16838,0.53074,0.42165,0.14735,-0.20582,0.15401,0.60377,0.05307,-0.13923,0.29667,0.01037,0.14057,-0.27351,0.13493,0.53954,-0.26851,0.034033,0.24871,0.055486,-0.154,-0.024304,0.21039,0.039044,0.22025,0.028026,-0.071064,-0.0069775,0.21164,-0.035328,0.074992,0.096999,0.2816,-0.16212,-0.1625,-0.089285,-0.042181,-1.94E-15
Sample 007,plasma_d14_13.5gy,-4.5087,-2.5215,0.55578,-2.5778,1.0923,0.27167,-1.5923,0.49186,1.0371,-1.4206,1.043,-0.87757,1.4369,-0.83102,-0.12235,0.020526,0.36735,-0.27136,0.27255,-0.23557,-0.63896,-0.17851,-0.66712,-0.89395,-0.5059,0.18489,-0.49435,-0.636,-0.21111,0.20422,-0.566,0.011181,-0.38004,-0.32592,0.13733,0.40834,-0.18091,-0.04808,-0.34966,-0.47071,0.39464,0.66527,0.48728,-0.5818,0.19667,0.23432,-0.4697,0.12441,0.26297,0.468,0.005797,-0.47414,-0.016782,0.23884,0.68323,0.33201,-0.22468,0.25104,0.10062,0.14578,-0.18071,-0.0239,-0.2687,0.065358,-0.052276,0.051662,-0.12819,0.47172,0.06591,-0.16351,0.095028,-0.19033,-0.52006,0.20267,0.27333,-0.023012,-0.084701,0.23582,-0.12537,-0.14343,0.19343,-0.0066478,-0.098282,-0.011443,0.1021,0.066097,-0.22141,0.021716,0.10309,0.073909,0.0572,-1.11E-15
Sample 008,plasma_d14_13gy,-4.7234,-1.7173,-1.3633,-0.41693,0.14673,1.5168,0.70457,-1.4735,1.1261,-0.93399,1.7852,-0.11867,-0.23167,-0.78617,0.66761,1.1979,0.028891,0.060823,-0.07849,0.28778,0.19625,-0.25265,0.33218,1.0674,0.45455,-0.48139,0.36097,-0.73286,-0.70372,0.50233,-0.072706,-0.81134,-0.13647,-0.62869,-0.33904,-0.3869,-0.46915,-0.94884,0.42578,0.47745,0.17843,0.088191,-0.23374,-0.053804,0.023719,-0.38656,0.58849,-0.084879,0.50702,-0.48173,-0.075888,-0.34098,-1.0133,0.11145,-0.65232,-0.083661,-0.12844,0.066906,-0.30527,-0.19353,-0.19532,-0.086899,0.017029,-0.12072,0.018137,-0.26617,0.18276,0.13154,0.0055665,-0.086422,0.14439,-0.1068,-0.079743,0.16606,0.10908,-0.032131,-0.18395,0.079843,0.058392,-0.11226,-0.010909,0.087496,0.05726,-0.012987,-0.19441,-0.041639,-0.045905,0.076227,0.068589,0.11664,-0.087839,9.54E-17
Sample 010,plasma_d14_sham,9.5684,-0.6173,2.6652,2.247,1.2671,0.90763,-0.42575,1.1767,1.377,0.28721,0.097969,0.59234,-0.0029613,0.87223,1.0835,0.40339,0.44457,-0.20851,0.19617,-0.065719,0.14042,0.35861,-0.31869,-0.18128,-0.25695,0.54278,-0.49354,-0.031127,-0.87396,0.11683,-0.43266,0.61233,0.58822,-0.12579,0.1408,0.60625,-0.003583,-0.30583,0.19877,0.27401,0.11266,-0.40595,-0.5248,0.27486,0.44675,-0.44638,-0.32338,0.45585,-0.57932,-0.25053,0.095562,-0.17127,0.067543,0.19935,-0.42793,-0.5359,-0.031825,0.064005,0.46323,0.049457,0.047583,0.25978,-0.26876,0.10433,0.2248,0.1077,-0.36951,-0.13829,0.28204,-0.3782,0.014323,0.059826,0.13174,-0.077643,0.28507,0.31107,-0.3468,0.17954,0.084556,-0.033563,-0.20486,-0.11654,0.1477,-0.20713,0.052007,0.11687,-0.12629,0.15066,0.23978,-0.039097,0.11744,1.67E-15
Sample 011,plasma_d14_sham,1.3608,0.67403,1.0815,1.3893,0.080035,2.3073,-0.042286,0.034567,2.5716,0.62379,0.44859,-0.27284,0.60574,0.39651,0.71513,-0.078184,-0.85895,0.015671,0.24972,0.26743,-0.045869,-0.06871,-0.74847,0.22316,0.51468,0.04337,-0.97185,-0.52354,0.75548,0.5993,0.037188,-0.085382,-0.082583,0.039631,-0.53287,0.056877,0.52439,-0.56497,0.47148,0.29927,0.18469,0.36733,0.1161,0.037709,-0.48797,-0.12005,0.3023,-0.40732,0.025822,0.25589,0.41228,0.298,0.52794,-0.52541,0.19657,0.84658,-0.11352,0.064466,-0.272,-0.060418,0.0077454,-0.035357,-0.067815,0.18804,0.32061,0.16763,0.14419,-0.28569,0.33658,-0.039245,-0.050107,0.57693,0.12738,0.079459,-0.1386,0.20631,-0.19193,-0.14203,0.13716,-0.017437,-0.022599,-0.12694,-0.2065,0.25048,-0.032627,0.13442,-0.11087,0.11247,-0.037911,0.093091,0.022539,5.46E-16
Sample 013,plasma_d14_13gy,2.7853,-0.35761,-1.9916,-0.38333,3.5263,1.7938,1.3556,-0.2292,1.9854,-0.61022,0.59242,1.0371,-0.48236,0.21863,-0.36576,1.6431,1.7325,0.084442,-0.71361,-0.10896,-0.00018156,0.36389,0.27394,-0.42389,-0.0084283,-0.078882,-1.135,-0.69056,0.25837,-0.20628,0.88269,-0.076796,0.43499,0.53584,1.0241,-0.58846,0.042988,-0.0030516,0.74944,-0.371,0.33226,0.12762,0.35373,-0.10355,0.54321,-0.25428,-0.018825,0.08633,-0.055655,0.45493,-0.27136,0.01811,-0.1497,0.022599,-0.14057,0.23688,0.33504,-0.086622,0.25152,-0.034637,-0.0532,0.0025658,0.17067,-0.13889,-0.29088,0.0062195,-0.0017602,0.057371,-0.15573,0.04199,-0.24103,0.061616,0.13113,-0.13545,-0.28964,-0.40907,-0.061429,-0.14752,0.04629,0.11087,-0.08727,-0.12454,-0.055625,-0.10126,0.12429,0.13325,0.021286,-0.17439,-0.04463,-0.059676,0.11807,-6.81E-16
Sample 017,plasma_d14_13gy,4.7676,-3.1571,3.8257,-0.81124,0.75141,-1.2737,-1.249,-0.72503,-0.78446,-0.076267,1.1804,1.7035,-0.19951,-1.0089,-0.071029,0.64138,1.1514,1.0218,-0.26725,1.3195,-0.005867,-0.055843,-0.50823,-0.20428,0.28764,-0.29879,-0.35745,1.3554,0.12795,-0.45848,0.82739,-0.46598,-0.023158,-0.18089,-0.79145,0.17983,0.73374,-0.60313,-0.49899,0.01456,0.57156,-0.48192,-0.091291,-0.2706,0.23172,-0.08078,0.33068,-0.015001,-0.27828,-0.15646,0.013447,0.19316,-0.29069,-0.42999,0.21232,0.086449,-0.39803,0.060998,0.18078,0.5177,0.26296,0.2535,0.0026022,-0.057329,0.03961,0.10467,-0.20754,0.10228,0.11071,0.1337,-0.1734,0.040335,-0.25517,-0.12934,-0.1161,0.018823,0.11264,0.16435,-0.15303,-0.15997,-0.021367,0.13416,0.045553,0.082312,-0.07505,0.043414,0.086624,-0.089164,-0.14356,-0.089783,-0.094298,2.54E-15
Sample 021,plasma_d14_sham,3.0151,-0.15349,2.8912,0.412,0.63075,1.1674,0.22987,1.5655,0.31738,0.95224,0.11483,-0.49673,0.52397,-0.45301,1.6409,0.11382,0.22373,-0.66322,-0.021456,-0.05988,0.20469,-0.070067,-0.47525,0.60545,-0.090106,0.04618,0.27774,0.22358,0.66077,-0.20397,0.060378,-0.098706,0.65881,0.28702,0.084285,-0.18152,0.10525,0.49187,0.13777,0.26097,-0.85044,-0.38293,0.37223,-0.58473,0.035057,0.5648,-0.37704,-0.44043,0.19794,0.051559,-0.28128,0.28018,-0.77985,0.023237,0.23287,-0.2221,-0.011028,0.11115,-0.39718,0.55414,0.0345,0.0041864,0.1977,-0.34239,0.12894,0.25845,0.32388,-0.14089,0.14137,-0.050567,0.042778,-0.13395,-0.012641,0.040991,0.17881,-0.12116,0.086567,-0.11597,-0.26499,0.10122,-0.41507,-0.36659,-0.061388,-0.099237,-0.0265,-0.079241,-0.30421,-0.059027,0.11402,0.053439,-0.11025,5.20E-16
Sample 022,plasma_d14_13.5gy,-4.485,-0.78723,0.39116,-1.9013,0.15228,1.4145,-1.073,1.1157,0.80996,0.86511,0.29846,-0.098036,-0.84439,0.044687,-0.26803,-0.23888,0.314,0.28026,0.26125,0.22741,3.64E-05,0.40339,-0.01007,-0.071803,0.42269,0.57253,0.31275,-0.27486,0.20482,0.019653,0.22966,0.18778,0.51966,0.2014,-0.11357,-0.28645,0.1621,0.1335,-0.21564,0.33523,-0.084076,-0.4956,0.14536,0.32633,-0.099695,-0.072813,-0.14726,-0.25602,-0.087815,-0.40055,-0.16544,0.01935,-0.073891,0.05263,-0.032703,-0.38729,0.14448,-0.25148,-0.24235,-0.36408,-0.39851,-0.23117,0.0077072,0.35966,-0.15379,0.075561,0.033523,-0.0053696,0.25723,-0.061641,-0.074902,-0.17346,-0.6852,-0.099308,0.42394,0.11969,0.18117,-0.26102,0.0079469,0.18248,0.29531,-0.097918,-0.15689,0.071795,-0.26983,0.463,0.095188,-0.016051,-0.34828,-0.10414,0.30633,1.79E-16
Sample 023,plasma_d14_13.5gy,-7.5422,-1.016,0.23943,-2.5679,1.2156,0.5197,-0.30622,1.3178,0.11807,1.0032,0.65185,-0.43026,-0.41861,0.27097,-0.27026,0.24364,-0.30401,-0.3096,0.14936,-0.39391,0.71167,0.19889,-0.39675,0.73142,-0.35542,0.5199,0.11988,-0.16142,0.79118,-1.2781,-0.065167,-0.70367,-1.054,-0.32984,0.48848,-0.143,-0.078406,-0.19704,-0.31084,-0.14991,0.40568,-0.064235,-0.4111,-0.51106,0.029409,-0.42558,0.12946,0.38579,-0.16015,-0.61907,0.11642,0.37205,0.26026,0.071385,0.25301,-0.27659,-0.099126,0.014912,-0.13132,-0.58984,0.10809,-0.15077,-0.30141,-0.017795,-0.13992,0.21435,-0.17096,-0.22857,0.23185,0.18212,-0.027855,-0.27887,-0.023007,-0.18135,-0.26776,-0.13464,-0.17138,-0.10734,-0.04079,0.14371,0.053555,-0.23173,-0.15328,0.16079,0.11753,-0.14763,-0.076916,0.11249,0.27589,-0.21393,-0.15375,-1.45E-15
Sample 025,plasma_d14_sham,-5.6975,0.51264,-0.075248,0.41791,2.0083,0.86936,0.32783,-1.8072,-0.61899,0.50801,0.47859,-0.70778,0.31437,0.53899,0.51379,-0.51199,-1.1768,0.084469,0.10664,-0.44403,-0.70147,1.2486,0.19217,0.064616,0.10478,0.84891,0.10271,-0.058023,0.25236,-0.79697,0.65858,-0.012282,0.13701,-0.31218,0.36315,-0.50239,-0.13072,-0.097283,-0.1319,0.4529,-0.48045,-0.26307,-0.079789,-0.10325,0.18128,0.20316,0.045294,0.076419,-0.39485,0.17946,0.63814,-0.30041,-0.030557,-0.25622,-0.079062,0.17086,-0.38221,0.030703,-0.21476,0.59006,-0.13954,-0.28532,-0.27834,0.31694,-0.14366,-0.016174,-0.17882,0.16393,0.074487,0.49351,0.18297,0.022288,-0.14802,0.042116,-0.037787,0.0070018,-0.36686,-0.11595,0.18741,-0.033624,-0.0327,0.22644,0.1302,-0.46099,0.11206,-0.24207,0.092485,-0.14904,-0.14132,0.11845,0.11383,-7.88E-16
Sample 028,plasma_d14_sham,0.48271,-0.44211,1.1893,0.15845,3.117,0.022482,-0.10269,-1.6163,-0.64048,0.5534,0.55339,-0.37911,0.14979,-0.13355,0.40154,0.74516,-0.13015,-0.55757,0.64011,-0.49089,-0.18561,0.39362,0.6424,-0.16499,-0.71559,-0.13837,-0.29874,0.041564,0.0315,-0.24076,0.35213,-0.21556,0.14262,0.7487,0.018445,-0.042353,0.16423,0.70322,0.64866,-0.083545,-0.78452,0.18643,0.14693,-0.1049,0.31181,-0.10834,-0.24969,-0.25874,0.54107,-0.13626,0.053013,-0.23373,0.084466,-0.040612,0.087203,-0.39454,-0.17276,-0.21389,-0.12489,-0.33345,0.4297,-0.088333,0.10265,-0.23987,0.63677,0.1705,-0.3042,0.25888,0.038347,0.0069757,-0.09978,0.13083,-0.076787,0.31516,-0.19424,0.37657,0.012989,0.22077,0.062353,-0.010909,0.14478,0.34905,-0.1832,0.2268,-0.27993,-0.0045757,0.32771,0.050328,0.13475,-0.16689,-0.037094,-2.05E-16
Sample 029,plasma_d14_13.5gy,-5.1379,-2.1177,-0.42469,-1.6982,-0.11003,2.1928,-0.18819,0.11172,1.3786,-0.30695,-0.063406,0.071861,0.97653,1.4041,0.51857,-0.44213,-0.018491,0.086794,-1.2462,0.074623,-0.67686,0.52294,0.16743,-0.44914,0.83679,-0.19335,-0.59775,0.075428,0.98737,-0.39553,-0.084399,0.56634,0.084266,-0.53902,-0.036032,0.25737,-0.10706,0.0084264,-0.33188,0.0059857,0.32398,0.18723,0.35887,0.54208,0.36128,-0.50812,-0.31657,0.27603,-0.25141,-0.45251,0.19684,0.26124,-0.0079083,0.50069,0.064945,-0.10456,-0.15423,0.55419,-0.51389,0.31009,0.21376,-0.34728,0.32944,-0.19649,0.23755,-0.26802,0.23529,-0.01282,-0.39378,-0.24607,0.026352,-0.075149,0.26009,-0.040017,0.12751,0.14025,0.36034,-0.17905,-0.098397,0.010958,0.12519,0.30331,0.13452,0.0078209,-0.089098,-0.0098725,0.10016,0.017698,0.10024,-0.065463,-0.13806,-1.56E-15
Sample 034,plasma_d14_13.5gy,-7.1521,-1.6483,1.4203,-3.0415,2.1887,-1.1271,-0.69586,1.2919,0.63106,0.39532,0.61343,0.079229,0.029158,0.23338,-0.0742,-0.21502,0.49688,0.037286,0.039039,0.48914,0.15061,0.25491,0.43762,0.12429,-0.37797,-0.17759,-0.35048,0.0084789,-0.065646,0.20129,0.19591,-0.41239,-0.0291,-0.33355,-0.69652,0.24373,-0.17381,0.44478,0.16123,0.19591,-0.21707,0.078526,-0.47724,-0.015598,0.32154,0.54717,-0.24145,-0.017753,0.79109,-0.093974,0.46454,-0.16303,0.55331,-0.81602,-0.15543,-0.34327,-0.12225,-0.47157,0.25555,0.3267,-0.13656,-0.32904,-0.39355,0.038569,-0.17883,-0.24924,0.12491,-0.17415,-0.29524,-0.19564,-0.10408,-0.13617,0.55054,-0.0063961,0.19134,-0.35709,0.27863,-0.060384,0.22625,0.023305,0.028562,0.04602,0.11337,0.047484,0.034746,0.098465,-0.17266,0.23129,-0.05221,0.047929,0.028639,-1.20E-15
Sample 038,plasma_d14_sham,9.5758,-0.98098,1.3896,2.587,1.532,0.68362,-1.1064,-0.85832,1.5722,0.63825,0.19248,1.5618,1.3623,0.18627,-0.057906,-0.3502,0.68668,-0.79504,1.127,-0.27007,0.21368,-0.076555,-0.93258,0.74124,-0.12707,-0.18568,-0.24752,1.1338,-0.11116,0.081486,0.55321,0.84536,-0.26633,0.041227,-0.048696,-0.72253,-0.5918,0.32596,-0.018146,-0.24594,-0.27676,0.54943,0.092474,0.059734,-0.39329,0.30372,0.5962,0.24657,-0.33239,-0.061086,0.22399,0.79108,0.10911,0.33959,-0.063198,0.082957,0.1882,-0.2698,0.10605,-0.15239,-0.49498,-0.05431,-0.038866,-0.11988,-0.14426,-0.28259,-0.094846,0.1831,-0.19929,-0.049622,0.19206,-0.16898,-0.11721,0.074333,0.14215,-0.13158,-0.0094783,0.1319,0.11774,0.13925,0.2338,0.057317,0.051226,0.053307,-0.24993,-0.24292,-0.071845,0.086254,-0.031584,0.037945,-0.050963,3.79E-15
Sample 045,plasma_d14_13.5gy,-3.2111,-3.407,-3.6428,-1.5052,0.029317,1.1144,-1.6566,-1.3152,0.33818,0.356,-0.70074,-0.92749,0.94489,0.58603,-0.71748,0.6629,-0.093703,-0.68248,0.64155,-0.04606,0.16581,-1.0737,0.072755,0.010937,-0.15553,0.39854,0.11644,1.5341,0.24599,-0.65522,0.16097,-0.12737,-0.88647,0.46927,0.78592,0.66967,0.69742,0.0073698,0.15208,0.76145,0.15004,-0.54482,-0.52644,-0.12688,0.3395,0.29774,-0.15863,0.38553,0.51196,-0.020462,0.032468,-0.0014133,0.11155,0.060266,-0.41548,0.27164,0.24053,0.17056,0.058105,-0.035496,-0.17863,0.21969,0.53635,0.10914,-0.10773,0.048336,0.27515,0.23615,-0.14777,-0.17308,-0.028553,0.345,-0.087971,0.15792,0.16319,0.051758,-0.14401,-0.071867,-0.036797,-0.067354,-0.096451,-0.059495,0.14229,0.028062,-0.028408,0.084404,0.0073787,0.061717,-0.044238,0.13284,0.036173,-1.96E-15
Sample 047,plasma_d14_13.5gy,2.7636,-7.4953,-5.7777,4.5385,0.49132,-7.6953,-3.9778,2.5743,1.7472,1.3513,1.4239,1.1596,-0.48711,0.22002,0.65401,0.51179,-1.1321,-0.82658,-0.64248,-0.5815,-0.26319,0.11141,0.18905,-0.25724,0.38708,0.059027,0.49787,-0.32993,0.19521,0.22573,0.33941,-0.25139,0.1204,-0.055792,-0.016731,-0.12192,-0.097973,0.072034,-0.048835,-0.14422,0.031706,0.007578,-0.001633,-0.057087,0.056176,0.022892,-0.037154,-0.040333,-0.090533,-0.02801,-0.09327,-0.12977,0.022297,-0.012697,0.083044,0.040272,0.00091327,0.10706,-0.11481,0.04061,-0.017008,0.037897,0.12216,-0.014537,-0.0047661,0.0231,0.033685,-0.010295,0.01427,0.03222,-0.030058,0.074352,-0.015625,0.014817,-0.037263,0.064645,0.044536,-0.020908,-0.015326,0.021373,-0.0032482,0.010041,0.015594,-0.0038191,0.04158,-0.018595,0.0078707,0.024392,-0.012535,0.0019068,0.0024587,2.61E-15
Sample 048,plasma_d14_13.5gy,-3.5859,-1.6655,0.45831,-0.73387,-1.5352,1.0114,-0.26907,0.28678,1.3856,0.5113,0.92534,-0.25624,-0.21467,-0.62425,-0.45712,0.49513,-0.68473,0.21973,1.4985,0.94626,-0.3099,0.42791,-0.51422,-0.048521,-0.6833,0.6145,0.04537,-0.22574,-0.2838,0.34782,0.56685,0.04037,0.61283,0.36195,-0.24222,0.80963,-0.20913,-0.10905,-0.29624,-0.23104,-0.066466,-0.8469,0.27524,0.33979,-0.20088,0.22117,0.25051,-0.36725,-0.2598,-0.072363,-0.090746,-0.2059,0.32873,0.50064,-0.36604,-0.076206,0.15486,-0.091853,0.061028,-0.28522,0.57971,-0.53236,0.049665,-0.054818,-0.055684,0.12597,0.30946,0.12402,-0.12965,-0.28278,-0.013113,0.26892,-0.11475,-0.21236,-0.30776,-0.33975,0.094804,0.10489,-0.2111,0.037186,0.096383,0.17292,-0.061323,-0.074839,0.23237,-0.32625,-0.049373,0.0094237,0.055415,0.18083,-0.011436,-9.59E-16
Sample 053,plasma_d14_13gy,-7.9469,-0.35354,-1.8738,-1.1275,-0.53418,0.6604,-1.1966,-0.64633,-0.071779,0.18907,0.59203,1.8277,1.1372,0.27997,0.017942,-0.27175,-0.37941,0.37762,0.089839,0.0070884,-1.2379,0.36149,-0.13074,0.3603,-0.39957,-0.91154,-0.10481,-0.4153,-1.1176,-0.76861,0.28271,0.18825,-0.79897,-0.773,-0.15963,0.75791,0.0613,0.065671,-0.040895,0.079415,-0.29018,-0.025313,0.2002,0.86116,-0.26066,-0.25401,-0.021592,0.0055611,0.52602,0.81545,-0.31628,0.35151,-0.05749,0.066294,-0.002665,-0.28943,0.21096,-0.5148,-0.021035,0.18488,0.33352,0.21621,0.14679,0.30919,0.064828,0.06552,-0.1713,-0.13489,0.14163,0.019839,0.077059,-0.22073,0.045397,-0.044308,-0.046124,0.1125,-0.14593,-0.28267,-0.079386,0.080701,-0.16223,-0.22022,-0.13598,0.058657,-0.12296,-0.089306,-0.056966,-0.24955,-0.0053213,-0.036652,0.012764,-1.50E-15
Sample 066,plasma_d14_sham,-3.6749,-3.4594,-0.89715,2.4325,0.92138,0.51319,1.7942,-2.3891,-0.29803,-0.93004,0.30412,-0.92956,0.17941,0.25838,0.2433,-0.49095,0.075879,-0.18783,0.50888,0.014966,-0.074222,-0.87082,0.57283,0.19689,0.84053,0.24971,0.7664,0.15526,0.12796,-0.19249,0.50195,0.032874,0.50169,-0.42552,0.49493,0.51027,-0.052736,-0.49592,-0.15457,-1.049,0.30203,0.15144,1.214,0.29687,-0.09974,0.3447,0.34744,-0.1277,-0.17394,-0.30899,0.36299,-0.17419,0.46399,-0.58533,-0.17365,-0.50188,0.38345,-0.33071,-0.15785,0.11005,0.015609,0.37478,0.067728,-0.017851,-0.219,0.30369,-0.14466,-0.040105,0.0043241,0.047403,-0.094502,-0.039032,0.0026024,0.19368,0.28813,-0.013545,0.060363,-0.0026595,-0.050588,-0.11015,-0.11828,-0.087236,-0.090907,0.0022638,0.092688,0.11705,-0.012939,0.14092,0.15153,-0.08708,-0.10619,-3.94E-16
Sample 070,plasma_d14_13.5gy,10.091,0.59675,-1.854,-2.3628,1.5195,-1.0517,2.3564,0.09933,2.5742,1.0725,-1.0297,1.6212,0.65311,-1.1575,-1.94,-1.9275,-0.40212,0.56457,0.51096,-0.81399,0.95288,-1.1655,1.8202,0.27089,-0.26404,0.91649,-0.15956,-0.83658,0.11263,-0.049424,-0.30438,0.39586,0.019429,-0.56351,-0.31349,0.20344,0.24664,-0.56861,0.10144,0.067837,-0.080033,-0.21641,-0.026667,0.014822,0.47608,0.47594,0.097156,0.010142,-0.17981,-0.031598,-0.021395,0.15119,-0.19313,0.14507,0.09971,0.073,-0.34674,-0.014437,0.20382,0.2061,0.23299,-0.12477,0.19634,-0.23157,0.21647,0.061209,-0.082506,-0.0043409,0.022993,0.14286,0.036383,-0.049325,-0.10199,0.080218,-0.021475,0.026071,-0.0038842,0.019208,-0.029023,0.11791,-0.018146,-0.01895,-0.042526,0.0088108,-0.10255,-0.026845,-0.031376,0.038427,-0.076597,0.005846,-0.02557,4.05E-15
Sample 081,plasma_d14_sham,1.2347,-1.366,2.7157,0.67711,-0.22322,0.8619,1.089,2.1957,-0.11258,1.6968,-0.45267,-0.57375,0.14827,-1.5402,1.3259,-0.14432,-0.15957,0.4042,-0.24973,-0.27267,-0.2133,-0.73304,-0.4525,0.34009,-0.12948,0.225,0.87944,-0.39185,0.91268,-1.2807,-0.56708,-0.89417,-0.11917,-0.31379,0.027684,-0.26257,-0.76699,0.2575,-0.18029,-1.0419,0.0075756,-0.043338,-0.098798,0.25616,0.36176,-0.53941,0.11341,-0.021042,-0.00026748,0.28799,-0.111,0.14276,0.093361,-0.035073,-0.40624,0.30466,0.20022,-0.19428,0.64662,0.13112,0.15224,0.28715,0.11523,0.12353,0.22364,-0.22217,0.24552,0.084521,-0.1581,-0.20638,-0.076035,0.18335,0.0077874,0.13895,0.047514,0.093663,-0.0051808,0.034315,0.12556,-0.11789,0.10578,0.13775,0.041145,-0.010422,-0.12,0.022546,0.036723,-0.11022,-0.15022,0.12739,0.16865,5.59E-16
Sample 082,plasma_d14_13.5gy,-1.1302,-4.2652,-1.9432,-0.24659,-1.8366,1.6554,-1.34,-0.6984,0.98659,0.82613,-1.4406,-0.083322,0.80064,-0.68275,-0.983,-0.23134,-0.60475,0.23647,-0.16958,-0.11393,-0.26067,-0.5998,-0.05719,-0.11642,-0.11488,-1.3033,-0.40443,0.6301,1.4325,-0.15435,0.033604,0.54498,0.057848,0.72947,-0.1512,0.51375,-0.41071,-0.13924,0.17891,-0.1099,-0.47145,0.17201,0.057457,-0.32112,-0.10297,-0.34819,0.29713,-0.47786,-0.33877,-0.21015,-0.52453,-0.86564,-0.3853,0.044986,-0.12532,0.045238,-0.28889,-0.28163,0.14277,-0.096774,-0.032728,-0.16528,-0.51885,0.24858,-0.32101,-0.14924,-0.25594,-0.047145,0.31057,0.0067909,-0.23032,-0.23696,0.35422,-0.023626,0.036168,0.070984,0.028551,0.060761,0.060732,-0.073297,-0.13318,-0.035068,0.0089873,-0.10474,-0.0081569,-0.0040044,0.01844,-0.02192,-0.0023672,-0.072112,0.013477,2.36E-16
Sample 083,plasma_d14_13gy,5.2805,-5.2795,-0.39396,2.0658,-2.4489,-0.60673,2.12,0.70907,-1.3529,-0.99628,0.69849,0.43299,-0.65214,-0.13201,0.249,-0.49443,1.2606,0.97054,1.3513,0.13768,-0.12768,-0.20347,0.20322,-0.68268,-0.1745,-0.85861,-0.28385,-0.073002,0.14526,-0.24687,-0.49132,-0.56249,-0.14316,-0.74618,0.54873,0.81327,-0.17547,0.92639,1.1551,0.56295,-0.041794,0.12185,-0.27739,-0.48202,0.20584,-0.1194,0.35396,-0.13724,-0.64724,0.014841,0.28778,0.13128,0.2841,0.15624,-0.031223,0.13204,0.14336,0.023825,-0.54172,0.020335,0.15735,-0.12404,0.10932,0.13571,0.15189,-0.073526,0.14662,0.11772,0.19863,0.29376,0.226,-0.16769,-0.068096,-0.07483,0.17656,-0.084206,0.12944,0.044393,0.049906,0.12933,-0.029806,0.030814,-0.023696,0.060337,0.10394,0.021469,0.00096156,0.085453,-0.062974,0.045054,0.10492,1.23E-15
Sample 084,plasma_d14_13gy,0.6743,-4.9029,-2.5375,1.642,-0.76232,0.286,-0.043941,0.70278,-0.48961,0.1291,-0.65957,-0.77486,-0.12398,0.074452,-0.40669,2.0121,-0.31893,1.2946,-0.21859,1.4993,-0.050581,0.23576,0.70549,0.70492,-0.83669,0.43646,-0.82087,-0.1988,-0.91212,-1.2922,-1.5233,0.71091,0.14217,0.42853,-0.21463,-0.45344,-0.13344,0.25884,0.014703,0.07752,0.018649,-0.18541,0.78926,0.15488,-0.17351,0.40209,0.25296,-0.096715,0.063999,-0.52713,-0.094265,0.36987,-0.063282,-0.41825,0.40812,0.12766,-0.051352,0.18141,0.073665,0.081049,-0.30361,0.032904,-0.027888,0.16167,0.090983,-0.16305,-0.065701,-0.0087289,0.045621,0.04393,0.14335,0.089776,0.091912,0.092366,-0.096179,-0.0043285,0.062662,0.045931,0.018865,-0.0073714,0.1048,-0.03059,0.1026,-0.027562,0.011504,0.025424,-0.0036333,-0.037658,0.083321,0.022283,-0.0068572,8.12E-16
Sample 087,plasma_d14_sham,4.5135,-4.0544,-0.35126,2.03,-1.0697,0.89817,-0.79914,0.9505,0.12822,0.44111,-2.074,-1.193,1.559,-0.082346,1.038,0.12311,0.46501,0.27486,0.43373,0.85781,0.13603,-0.39927,1.1538,-0.058711,-0.81245,-0.17095,-0.18264,0.36296,-0.73711,1.0469,0.45111,-0.83345,0.13913,-0.83486,1.2348,-0.97352,0.77744,-0.30597,-1.0426,-0.10874,-0.16284,0.088222,-0.31744,0.088261,-0.072957,-0.31469,-0.23291,-0.3764,0.023813,0.20668,-0.011813,0.23563,-0.116,0.18256,0.0506,0.13684,0.023526,-0.090725,-0.09743,-0.021011,0.27584,-0.36923,-0.26343,0.092792,-0.01446,0.092925,-0.13955,-0.13682,-0.025104,0.011904,-0.086253,-0.087023,0.096242,0.020329,0.046022,-0.012992,0.053624,-0.067857,0.11329,-0.020585,0.099028,0.087743,-0.02874,0.020759,0.053262,0.057643,0.025584,-0.021948,0.0021921,-0.061264,-0.049809,7.90E-16
Sample 092,plasma_d14_sham,4.637,-1.2174,3.6709,1.5025,2.0331,0.11195,-0.85448,-0.99946,-1.9049,1.5947,0.31401,-0.38008,-1.1465,-1.7007,0.17127,0.29867,0.18597,-0.34933,0.80755,0.030494,-0.79862,0.081377,1.895,-1.0161,1.1371,-0.99904,0.043444,-0.56805,0.429,-0.035738,-0.19239,0.75623,-0.080362,0.16424,0.056217,0.25103,-0.5971,-0.43246,-0.64753,0.59375,0.040192,-0.0046006,-0.13105,-0.24084,-0.15348,0.27262,-0.24702,0.46457,0.53674,-0.21219,0.12987,0.40475,0.027682,0.38076,-0.018558,0.35363,0.42216,0.012628,-0.047362,-0.1453,-0.058698,0.074994,-0.10965,0.13733,0.021465,-0.043648,-0.23653,-0.17907,0.00067272,-0.10327,-0.13985,0.15397,0.11569,-0.10367,-0.052173,-0.097773,-0.072017,-0.074125,-0.14061,-0.034332,0.11147,-0.095516,-0.1001,-0.072964,0.060546,-0.050061,-0.055892,-0.064953,-0.011636,0.07405,-0.035937,-5.98E-17
Sample 093,plasma_d14_13gy,-0.86486,-5.2148,-5.5175,1.9397,-2.5524,1.4876,1.0343,-0.069767,-1.0648,-0.73599,-0.11542,-0.27428,-0.2748,-0.94125,1.9541,-1.343,2.1417,0.8058,0.84956,-0.5613,0.38375,1.4434,0.13384,0.69441,0.092998,0.86449,0.060409,-0.033753,0.44878,0.0763,0.24162,0.35488,-0.62086,0.71937,-1.3455,-0.14353,0.32586,-0.34942,-0.4037,0.060654,-0.11163,0.4142,-0.062209,-0.16527,0.034889,-0.1543,-0.3874,0.33689,0.1605,0.24618,0.066096,-0.19494,0.11476,0.10323,0.066536,-0.24011,0.012405,0.13317,0.2254,-0.13412,0.074027,-0.033086,0.023874,-0.13779,-0.082516,0.10923,-0.017682,-0.0074138,-0.14133,0.006172,-0.0032806,0.076916,0.07967,0.012328,-0.033901,-0.023635,-0.033802,0.058462,0.037938,0.031059,-0.095007,-0.091302,-0.050823,0.0023988,-0.031377,0.019644,0.027133,-0.069291,-0.013664,0.038566,0.0071784,4.23E-16
Sample 095,plasma_d14_13gy,-0.50526,-3.6257,-1.2826,-0.50424,-0.1046,1.8775,-0.56881,-0.6876,0.45643,0.10669,-1.0587,0.072591,0.50157,-0.96843,-0.19686,0.19213,0.20391,0.29762,-1.2426,0.11428,0.68736,0.10018,-0.081054,-0.57745,1.0675,0.067979,0.92177,-0.17912,-0.39036,-0.32102,0.40357,0.84294,1.1987,-0.13086,0.20256,0.18875,0.10267,0.8393,0.10804,-0.015403,0.25746,-0.3909,-1.0346,0.29156,-0.30676,-0.15606,-0.13614,0.016824,-0.019991,0.2977,0.20249,-0.1037,0.123,-0.54513,-0.029004,0.098392,-0.022026,0.26508,0.018827,-0.26831,-0.043786,-0.0097584,-0.37119,-0.15034,0.11184,-0.21875,0.041469,0.057614,-0.20793,0.27397,0.30728,-0.14974,-0.18643,0.23381,-0.18359,-0.06877,-0.025164,0.12242,-0.093513,-0.14519,-0.051953,-0.074828,-0.31484,0.31171,-0.091909,-0.13307,-0.18287,-0.093637,0.15561,0.040709,-0.030372,-2.81E-16
Sample 097,plasma_d14_13gy,-2.054,-2.2421,-2.6974,-0.11206,1.0648,0.055514,1.0928,-0.47417,-1.5576,1.0377,-2.8897,0.86858,-0.27273,0.29639,-1.5783,1.3183,0.978,-1.2293,0.45503,-0.88171,-0.43787,0.79054,-1.5708,-1.3615,-0.64251,-0.034217,-0.11171,0.13982,0.28084,0.21415,-0.82178,-0.61694,0.64905,-0.92266,-0.54695,-0.00279,-0.59174,-0.64591,-0.44842,0.092429,-0.037236,0.15789,0.056538,0.051216,-0.050039,0.34122,0.015431,0.0096264,0.031514,0.035837,0.10974,-0.0022019,-0.2567,-0.29477,-0.35039,-0.22439,0.029265,0.04081,-0.17859,0.01301,-0.10164,0.056502,0.033944,-0.10651,0.24375,0.20191,0.13561,-0.12946,0.015229,0.11442,-0.039703,0.18486,-0.036398,-0.055496,-0.069826,-0.034084,-0.074924,-0.079077,0.029228,0.10447,0.05577,0.044785,-0.10496,0.011368,-0.080964,0.026331,-0.0075329,-0.006112,-0.0097925,0.0083304,-0.063348,-6.18E-16
Sample 098,plasma_d14_sham,0.99274,-2.1996,0.72883,1.2313,0.12251,0.71488,0.27319,-0.33997,-2.6709,0.69654,0.2713,0.05578,0.52331,-0.26496,-0.87058,-0.33156,-0.1387,-0.46507,0.31419,-0.51901,0.71903,0.30121,0.045059,1.1204,-0.45033,0.27232,-0.3503,-0.53464,0.057441,0.014784,1.0329,0.06712,-0.074906,-0.25463,0.25443,0.052822,-0.19561,0.34735,-0.18087,0.017317,0.23922,0.035899,0.059264,0.51583,-0.027916,0.15108,-0.18637,0.18063,-0.021936,0.2032,-0.17357,-0.64435,-0.46831,-0.37838,0.11367,0.80329,-0.073455,-0.088034,-0.21801,-0.21692,-0.25507,0.40484,-0.072312,-0.014636,0.35451,-0.18319,0.046653,-0.12613,-0.069271,-0.30813,0.26835,0.035176,-0.072088,-0.69649,0.0061297,0.13992,0.29173,-0.018552,-0.21682,0.073287,-0.10247,0.12611,0.22438,0.033964,0.13276,0.062993,0.016023,0.23899,0.080344,-0.15847,0.070236,4.15E-16
Sample 101,plasma_d14_sham,-1.5475,-1.3603,0.85829,0.75153,1.1161,0.31023,0.14354,-1.2034,-1.7911,1.1317,-0.19473,-0.13931,0.62192,-0.045427,-0.037455,0.055837,0.039127,-0.048562,-0.2769,-0.30955,-0.59269,-1.0328,-0.53704,-0.23045,0.14489,0.079201,-0.002241,-0.77086,-0.093942,0.68277,0.50429,-0.3535,-0.25896,0.23666,-0.35142,-0.056019,0.41214,-0.27352,0.25809,-0.30417,-0.29477,-0.50846,0.14223,-0.088561,-0.46766,-0.063913,-0.31318,0.13905,-0.20829,-0.49021,-0.63115,0.27733,0.36835,-0.28788,0.11174,-0.15428,-0.18415,0.54645,0.0484,0.015794,-0.073571,-0.23783,0.53101,0.49197,0.23367,-0.14205,0.04445,0.3126,-0.32122,0.012048,0.30571,-0.53955,0.43869,-0.15958,-0.053979,-0.10632,-0.37629,0.35112,0.066274,0.10517,0.049429,-0.13596,-0.090927,-0.050996,0.079186,0.097175,-0.0099237,0.041484,-0.14307,-0.036439,0.073083,8.47E-16
Sample 102,plasma_d14_13.5gy,1.8675,-4.3844,1.0823,-0.7931,-1.591,-0.72448,1.8584,0.32464,0.23171,-1.1771,0.27436,-1.1165,-1.1215,1.0965,0.030458,-0.32999,-0.3436,0.39422,0.67448,-1.7528,-0.44108,-0.18864,-0.18714,-0.64388,-0.81193,0.22167,0.20354,-0.22852,0.25293,0.36758,0.58306,0.14741,-0.090678,0.30246,0.21526,0.20524,0.54262,0.15234,0.41904,0.18455,0.61507,0.19331,0.048349,0.21435,-0.3778,-0.10717,-0.49903,-0.50153,0.1722,-0.476,-0.43064,0.62157,-0.30515,-0.075385,-0.30128,-0.13868,-0.18232,-0.18946,0.33904,0.52196,-0.38385,0.16958,-0.20685,0.083036,0.046612,-0.53121,-0.21641,-0.38352,-0.064262,-0.0059579,-0.11119,0.1031,-0.2862,0.013184,-0.18738,-0.047266,-0.028758,-0.092735,-0.025176,-0.21564,0.18021,0.044062,0.03216,0.051097,-0.031519,-0.18742,-0.055132,-0.088635,0.039958,0.029057,-0.14877,-2.23E-17
Sample 105,plasma_d14_13.5gy,-6.4763,-3.1792,0.65596,-2.6649,-0.10274,-0.73373,0.48047,2.1649,-0.72311,0.27022,-1.5731,-0.56947,1.0085,-0.39644,0.46173,-1.2075,0.17835,0.61018,-1.832,-0.18297,-1.0948,-0.29304,0.29698,-0.17369,-0.41912,-0.58017,-0.19391,-0.097889,-0.52349,0.63908,0.5524,0.31265,-0.35994,0.55551,0.035982,-0.57793,-0.54182,0.42852,0.51155,0.12664,0.60077,-0.38837,0.24608,-0.5088,-0.52153,-0.088767,0.6975,0.74357,-0.058272,-0.069144,0.33081,-0.13958,0.016697,-0.12837,-0.14794,-0.26905,-0.14107,-0.30813,-0.078896,-0.019953,0.052884,0.0016372,0.27221,-0.23738,0.09527,0.49162,-0.059241,-0.20651,0.029065,-0.13339,-0.013768,0.33213,-0.27307,-0.13727,0.024406,0.028795,-0.13825,0.042749,-0.017812,0.084826,0.022569,0.015771,0.0072017,-0.14204,-0.054751,-0.051364,-0.0093812,0.10855,-0.011595,0.10698,-0.047155,-1.81E-15
Sample 106,plasma_d14_13gy,16.106,-3.273,2.1505,-2.2291,-1.4455,-2.5864,0.8788,-4.1756,1.1022,-2.0815,0.24273,2.0709,0.099427,-1.3132,0.173,-1.1973,-0.32316,0.14582,-0.75811,-0.028155,-0.62153,0.024614,-0.9281,0.11174,-0.66337,0.34918,-0.075486,-0.71528,0.12159,-0.15721,-0.63194,-0.3599,-0.033462,0.62753,0.5332,-0.34985,0.19824,0.22329,-0.67698,0.17343,-0.3561,-0.47987,-0.070858,-0.063437,-0.24486,-0.17541,-0.33623,0.21009,0.076693,0.013831,0.19985,-0.052449,-0.050835,-0.32972,-0.14316,-0.0020645,0.48491,0.085026,-0.34331,-0.21018,-0.20183,-0.088369,-0.062293,0.17118,-0.18099,0.04535,0.20161,-0.066057,0.098222,-0.091898,-0.17963,0.10213,0.223,0.10328,0.105,0.032744,0.1021,-0.067016,0.045339,-0.018544,0.10311,-0.023671,0.070151,-0.029718,0.023322,-0.0035384,0.14358,0.033475,0.16787,-0.020276,-0.041841,1.38E-15
Sample 107,plasma_d14_13gy,1.0976,-3.4595,1.3158,0.79285,-0.15454,0.2432,1.0387,-0.069017,-0.68643,-0.43592,-0.26896,-0.90884,-0.15506,-1.0778,-0.86659,0.80078,-0.781,-0.50963,-0.54968,-0.40672,-0.24501,0.16287,-0.58251,0.10307,-0.65407,0.71834,0.46372,0.040421,-0.75212,0.26907,0.46598,0.47407,-0.00011536,0.17174,-0.21374,-0.15056,-0.50453,-0.65067,0.34602,0.20614,0.51549,-0.081694,-0.41061,-0.15371,-0.18669,-0.34069,0.034083,-0.29038,0.27132,-0.13835,0.59899,0.14592,0.38709,0.63727,0.39866,0.19378,0.16148,-0.26393,0.17225,0.39437,-0.0021864,-0.046525,0.16729,-0.36897,-0.052669,-0.18717,0.17874,0.51857,0.31011,0.24105,-0.2022,-0.23025,0.40337,0.053482,0.10858,0.24689,0.33587,-0.25344,-0.056343,0.021246,-0.26349,-0.085309,-0.11017,0.020515,0.053818,0.04975,0.05908,-0.012303,-0.088541,-0.21355,0.10707,4.46E-16
Sample 109,plasma_d14_13gy,-0.19332,-2.6525,0.38159,0.3938,-3.4151,0.76683,2.4319,-0.55519,0.49661,-0.11577,0.93735,-0.63763,-1.3939,-0.53167,-1.6455,1.6778,-1.7435,-0.14885,-0.14712,0.0077907,-0.26261,-0.79427,-0.2301,0.57509,0.1082,-0.80029,-0.3192,-0.087166,0.14595,-0.11216,0.4296,0.18421,0.25353,-0.1218,-0.066556,-0.61274,-0.030028,-0.081003,-0.30009,0.26357,-0.32951,0.40829,-0.23803,-0.36576,0.25802,-0.11586,-0.61699,0.13086,-0.35895,0.66978,0.33202,-0.0044316,0.27601,0.046952,0.29465,-0.65673,-0.04185,0.2239,0.15867,0.013233,0.21539,0.18322,0.06371,0.033982,-0.16016,0.23788,-0.24307,-0.18847,-0.39325,-0.18537,0.24094,0.1241,-0.1804,-0.084501,0.082912,-0.0032581,0.015864,0.073282,0.12838,0.2328,-0.052042,-0.01079,0.17758,0.087428,-0.19123,0.081832,-0.09642,0.05739,-0.14288,0.073027,-0.1119,-1.72E-16
Sample 112,plasma_d14_sham,-2.5165,-0.99177,1.8353,0.30908,2.601,-1.1841,0.76975,-0.47927,-1.7731,0.56115,-0.13257,-0.3604,0.27204,-0.77782,0.21975,0.21027,-0.63898,-0.34213,-0.069405,-0.69479,-0.033051,1.0119,0.30182,0.44066,-0.4469,-0.60367,-0.60038,0.099993,0.0081995,0.69676,-0.27479,-0.11107,-0.28828,0.13779,-0.23421,0.27444,0.21364,0.16157,0.41411,-0.19266,0.0061417,-0.32826,0.084186,0.62942,0.26775,0.03621,0.19081,-0.31138,-0.37987,0.17448,0.0013777,0.21827,0.091684,-0.088286,-0.38683,0.22784,-0.45698,0.75368,0.30365,-0.49144,0.23206,0.049507,0.066573,-0.34834,-0.75821,0.2136,0.044016,-0.12537,-0.034639,0.16911,0.086731,-0.15389,-0.077682,0.21305,0.37777,0.1268,0.14317,-0.26332,0.0014252,-0.18351,0.23564,-0.23892,0.22418,0.14518,0.057346,0.022961,-0.045397,-0.19541,0.048127,0.077641,-0.028921,-1.40E-16
Sample 113,plasma_d14_sham,1.9038,-2.0876,3.5742,1.6943,1.2728,-1.0248,0.628,2.2917,-0.18365,0.44997,-0.35393,-0.99438,-0.011674,-0.96026,0.17582,-0.10606,-0.097848,0.17952,-1.1615,-0.70553,0.31955,-0.90968,-0.77134,0.44822,0.62668,0.60308,-0.27664,0.65398,-0.18934,0.15888,-0.80995,0.17673,0.017943,0.30211,-0.039083,0.52749,0.90005,-0.51008,0.24039,0.36264,0.30644,0.43021,0.37344,0.2914,0.36973,0.35632,0.14146,0.25052,0.30297,0.67361,-0.20317,-0.13224,-0.053951,0.12489,-0.3206,-0.45978,0.17214,-0.20001,-0.69604,-0.22437,0.035366,-0.10941,-0.39884,0.15214,-0.11526,-0.16844,-0.1545,0.23172,-0.0020809,0.067061,0.34695,-0.025526,0.11894,-0.10007,-0.27419,-0.21299,0.030612,-0.13279,0.014494,0.13015,0.11122,0.12871,0.017336,-0.022259,0.0062568,-0.099438,0.23751,-0.11269,-0.02376,-0.031777,0.033079,1.24E-15
Sample 114,plasma_d14_13gy,-4.0188,-1.3515,-0.059052,-0.7551,0.71836,1.1624,0.83061,1.0276,-1.3959,0.94977,-0.24801,0.78969,-0.56908,-0.093535,-0.69928,0.60413,0.73996,0.15624,-0.94467,0.1811,0.29472,0.45732,-0.47139,0.32957,0.68005,0.3684,-0.2204,-0.55912,-0.12798,0.18528,-0.011073,-0.15337,-0.19962,-0.069905,0.31666,-0.08392,0.36664,-0.16178,0.12322,-0.19259,-0.34168,0.12753,-0.46178,0.10916,-0.041599,0.52428,0.064658,-0.19387,-0.13582,0.14714,-0.52983,-0.10665,0.62197,0.27729,0.50387,0.059811,0.23241,-0.29517,-0.30814,-0.049206,-0.035861,-0.09293,0.31881,0.03521,-0.22808,-0.43037,-0.11287,-0.51611,0.1998,-0.049066,-0.5358,-0.1043,-0.16617,0.33935,0.27486,0.24605,-0.13033,0.24344,-0.20581,-0.18955,-0.17241,0.21083,0.19691,-0.091161,-0.010397,-0.2434,0.1448,0.18831,0.00090465,0.24512,-0.11872,-1.09E-15
Sample 118,plasma_d14_13.5gy,-5.1743,-4.4768,1.1595,-1.4249,-0.094732,-2.707,2.6345,0.33993,1.0497,-1.5314,-0.30027,-1.4057,-1.2382,0.96186,0.3716,-1.6898,0.30969,-0.32659,-0.20006,0.87568,-0.37609,0.30928,-0.51074,-0.35807,0.18789,-0.28958,-0.35301,0.20437,0.20333,0.081401,0.13098,0.11977,0.18705,-0.26097,0.43088,-0.25083,-0.28577,-0.3436,-0.11635,0.046976,-1.0427,-0.0042314,-0.53992,0.91729,0.46583,0.37722,0.75128,0.038453,0.42153,-0.39364,-0.38006,0.034538,-0.0022235,0.21893,0.56195,0.25375,-0.11079,0.13322,0.19422,-0.16864,-0.039832,0.40837,-0.10493,0.028217,-0.12371,0.20622,-0.031516,0.30531,-0.10533,-0.1082,0.1493,0.068329,0.022781,-0.034833,-0.3072,0.059076,-0.14522,0.057648,-0.090753,0.014597,-0.13543,-0.091845,-0.056157,0.045689,-0.092978,0.024966,-0.045393,0.035391,-0.044912,-0.053913,0.068496,-9.81E-16
Sample 124,plasma_d14_13gy,-4.0064,-3.4158,0.54467,-1.0177,1.1795,-1.1737,1.2263,-1.737,-0.12669,-0.94388,-0.53937,0.11926,0.4063,0.14769,-0.92205,0.032282,-0.58283,-0.71445,-1.3983,-0.056388,1.3985,1.2098,0.57474,0.94973,0.56241,-0.66651,0.11687,0.69515,0.20836,0.45077,-0.30696,0.30763,-0.32797,-0.68316,-0.58108,0.072122,0.38715,0.55586,0.0072226,-0.30383,0.011644,0.10875,0.16989,-0.35325,0.0030413,-0.43693,-0.30209,-0.55487,0.13167,-0.18936,-0.21889,0.52553,-0.073158,0.31199,-0.073001,-0.11026,0.57699,-0.083065,0.26035,0.098715,-0.016356,-0.0042447,-0.13603,0.25645,0.29523,0.30477,0.19742,0.11163,0.23662,-0.083629,0.046026,0.19089,-0.18426,-0.0545,-0.047275,-0.13508,-0.1528,0.17646,0.083028,0.028634,0.011047,0.16373,-0.056746,-0.14978,0.37379,-0.0017289,-0.041162,0.058218,-0.019262,0.084216,0.22427,-4.11E-16
Sample 128,plasma_d14_13gy,0.53271,-1.4258,1.086,0.13685,-3.5327,1.6771,1.5642,2.0754,-2.5842,1.4082,1.5307,2.4409,-0.22943,2.6178,-0.76529,-0.14604,-0.17623,-0.10526,-0.25646,-0.60531,-0.15273,-0.13427,0.22003,0.88883,0.26956,0.18531,-0.12259,-0.015122,0.23166,0.63246,-0.19145,0.1396,0.18299,0.37061,0.70821,0.09473,-0.068627,0.1724,-0.63354,0.094997,0.17582,-0.069258,0.069975,-0.13985,-0.14309,0.279,0.38414,0.21928,0.48658,0.056051,-0.023404,-0.16693,-0.13246,-0.084721,-0.067388,0.093829,0.0038133,0.40854,0.39372,0.044485,0.27463,-0.104,-0.20164,-0.039089,0.05092,0.10323,0.038385,0.38342,0.23773,0.071521,-0.099402,0.061328,0.12471,0.3215,0.13844,-0.20454,-0.028554,-0.0094598,0.1275,-0.11639,0.057087,0.18554,-0.30029,-0.053049,-0.10166,0.10817,-0.083889,-0.091213,0.02418,-0.067952,-0.022001,-2.31E-16
Sample 130,plasma_d14_13.5gy,-4.5992,-1.1203,2.0257,-1.6584,0.40114,-1.0328,0.38925,1.5076,0.3508,1.3938,0.1421,0.41208,-0.31193,1.217,-1.1153,-1.3565,-0.071624,1.6449,0.86311,0.544,-0.50238,-0.14345,0.28897,-0.054177,0.20561,-0.31516,0.18585,1.0743,-0.27555,-0.073795,0.14988,-0.38472,0.7748,-0.045679,-0.65099,-0.69608,-0.22569,-0.21928,0.13875,0.25277,0.21699,0.3591,0.24832,-0.20233,0.081402,-0.22138,-0.82883,-0.36124,-0.041269,0.27451,0.19676,-0.32475,0.0078879,-0.13526,-0.04399,0.27004,0.42344,-0.0010006,-0.029186,-0.51752,-0.24866,0.13792,0.43949,-0.17337,-0.08336,-0.19533,0.25107,0.073538,0.038092,-0.094388,0.12455,-0.1714,0.041275,0.24049,-0.16836,0.24995,-0.30523,-0.022272,-0.027723,-0.028739,0.083044,-0.17511,0.06962,-0.18863,0.17304,-0.1175,0.03749,-0.084704,0.25026,-0.14755,-0.018213,-1.29E-15
Sample 134,plasma_d14_sham,7.4583,-1.6846,1.5499,1.7759,0.48042,1.5481,2.2658,-0.17006,2.4512,-0.3967,-0.72337,0.48729,0.86846,2.0457,1.0972,0.052041,-0.28518,-1.9311,0.4252,0.82,0.67869,-0.14342,0.47235,-0.39056,0.078254,-0.27699,0.17152,-0.32608,0.096425,-0.065171,-0.81456,-0.54001,-0.32291,0.60281,-0.6725,-0.25852,-0.41052,0.18781,-0.028448,0.34515,0.71616,-0.22526,-0.2736,-0.1311,-0.39614,0.092245,-0.01265,0.0062904,0.32457,0.14483,-0.11644,-0.46268,0.066405,-0.26937,0.26267,-0.17263,0.076266,-0.081125,0.12164,-0.023071,0.34613,0.17269,0.2767,0.19318,-0.33548,-0.03178,-0.20142,-0.098681,-0.17349,0.21024,0.13832,-0.30024,-0.22976,-0.20448,-0.014814,0.12927,0.14818,-0.03114,-0.23313,-0.072587,-0.0054106,0.1444,-0.010031,-0.029207,0.16835,-0.18675,0.12094,-0.11318,-0.17866,-0.052488,0.023009,9.54E-16
Sample 136,plasma_d14_13.5gy,-5.2588,-1.5404,0.45417,-2.0963,1.8065,0.36376,-0.93009,0.64383,0.18095,1.2686,-0.1424,0.17704,0.063911,0.28986,-1.3961,-0.62198,0.65167,-0.11684,0.71041,0.21019,0.23556,0.10435,0.01768,-0.17596,0.68038,0.19924,0.60402,-0.52753,-0.7702,0.23146,-0.39648,-1.0064,0.11135,1.3702,0.21065,0.75001,0.085283,0.33543,-0.23874,-0.32334,-0.24369,0.29899,0.20545,0.24689,-0.30406,-0.83215,0.12508,-0.21746,-0.13124,0.047792,0.61953,0.35984,-0.63536,0.38839,0.48937,-0.12971,-0.11922,0.11469,-0.041316,0.11653,-0.24067,0.23538,-0.13544,0.066017,-0.21981,0.05268,-0.091851,-0.078928,-0.17364,0.24338,0.28056,0.38878,0.23239,-0.055779,0.069149,-0.027288,0.014818,0.099765,0.1392,0.0035874,-0.28883,0.077413,0.18361,0.063545,0.026519,0.032344,0.058377,0.066052,-0.12285,0.048721,-0.090497,-1.93E-15
Sample 141,plasma_d14_sham,-2.423,-0.53474,-0.028925,1.4047,2.1431,0.25106,1.3198,-1.6225,-1.1369,0.7823,0.078436,0.27114,0.40951,1.1392,0.50112,-0.40517,-0.093561,0.032074,-0.11968,-0.094607,-0.16935,-0.67567,0.34241,-0.26161,0.61167,0.23757,0.4253,0.3219,-0.80583,-0.25643,-0.38373,-0.04386,-0.58018,-0.05141,-0.39664,-0.40403,-0.24208,-0.15039,0.34393,0.11434,-0.53826,-0.37998,-0.22588,-0.099962,-0.29821,-0.15244,0.11033,-0.2136,-0.52639,0.59306,-0.23957,-0.47496,0.091133,0.46129,0.24552,-0.27173,-0.32996,0.18784,-0.06497,0.29505,-0.14008,0.088573,-0.25081,0.16559,0.10175,-0.23492,0.25816,0.13687,-0.070251,-0.14849,-0.65558,0.3448,-0.22752,-0.1243,-0.26287,-0.3325,0.28596,-0.12371,0.10849,-0.019829,0.29929,-0.2635,0.066749,0.16587,0.028947,0.15518,-0.088778,0.11198,0.23947,-0.079291,-0.042197,8.28E-17
Sample 143,plasma_d14_13gy,-2.8475,-4.3869,-0.052107,-0.61269,-1.1991,-0.018403,1.1344,-1.4349,0.35035,-1.286,1.1848,-0.60913,-0.42265,0.71303,-0.23005,0.37811,-0.19551,-0.46594,-0.11623,0.30178,0.5894,-0.050559,-0.083114,-0.44238,0.56627,0.11622,1.209,0.64693,-0.61759,0.209,-0.6569,-0.15168,-0.031196,0.29695,-0.035396,0.19494,-0.055706,0.32524,-0.019389,-0.52379,-0.069412,-0.063754,0.24758,-0.085674,0.22059,0.37007,-0.20576,0.53916,-0.24661,0.42311,-0.014572,0.374,-0.13089,-0.031993,-0.13099,0.71251,-0.78388,-0.48566,-0.015923,-0.28937,0.021643,-0.55219,-0.0065373,-0.38434,0.3259,0.059391,-0.11139,-0.3627,0.09959,-0.1663,-0.29872,-0.19408,0.30501,-0.23375,0.065679,0.092268,-0.27154,-0.038652,-0.054286,0.11234,0.096026,-0.082817,0.024505,-0.15189,-0.16937,0.079384,0.005054,-0.1789,-0.11325,-0.044333,0.035162,-1.93E-16
